{
	"info": {
		"_postman_id": "e29b1ad9-6f15-4d3a-bf77-c0c83400032b",
		"name": "MyBIIntegrationOData",
		"schema": "https://schema.getpostman.com/json/collection/v2.1.0/collection.json"
	},
	"item": [
		{
			"name": "Part 1: Client Application Configuration",
			"item": [
				{
					"name": "Lesson 1.2: Testing Signing In to Acumatica ERP with Basic Authorization",
					"request": {
						"method": "GET",
						"header": [],
						"body": {
							"mode": "raw",
							"raw": ""
						},
						"url": {
							"raw": "http://localhost/MyStoreInstance/OData",
							"protocol": "http",
							"host": [
								"localhost"
							],
							"path": [
								"MyStoreInstance",
								"OData"
							]
						}
					},
					"response": [
						{
							"name": "Example",
							"originalRequest": {
								"method": "GET",
								"header": [],
								"body": {
									"mode": "raw",
									"raw": ""
								},
								"url": {
									"raw": "http://localhost/MyStoreInstance/OData",
									"protocol": "http",
									"host": [
										"localhost"
									],
									"path": [
										"MyStoreInstance",
										"OData"
									]
								}
							},
							"status": "OK",
							"code": 200,
							"_postman_previewlanguage": "xml",
							"header": [
								{
									"key": "Cache-Control",
									"value": "no-cache"
								},
								{
									"key": "Pragma",
									"value": "no-cache"
								},
								{
									"key": "Content-Type",
									"value": "application/atomsvc+xml; charset=utf-8"
								},
								{
									"key": "Content-Encoding",
									"value": "gzip"
								},
								{
									"key": "Expires",
									"value": "-1"
								},
								{
									"key": "Server",
									"value": "Microsoft-IIS/10.0"
								},
								{
									"key": "X-Handled-By",
									"value": "Acumatica-PX.Export/AuthenticationManagerModule"
								},
								{
									"key": "DataServiceVersion",
									"value": "3.0"
								},
								{
									"key": "X-AspNet-Version",
									"value": "4.0.30319"
								},
								{
									"key": "Set-Cookie",
									"value": "UserBranch=82; path=/"
								},
								{
									"key": "Set-Cookie",
									"value": "LegacyUI=0; path=/"
								},
								{
									"key": "Set-Cookie",
									"value": "Locale=TimeZone=GMTM0500G&Culture=en-US; path=/"
								},
								{
									"key": "X-Powered-By",
									"value": "ASP.NET"
								},
								{
									"key": "Date",
									"value": "Thu, 15 Nov 2018 12:55:54 GMT"
								},
								{
									"key": "Content-Length",
									"value": "408"
								}
							],
							"cookie": [],
							"body": "<?xml version=\"1.0\" encoding=\"utf-8\"?>\n<service xml:base=\"http://localhost/MyStoreInstance/odata/\" xmlns=\"http://www.w3.org/2007/app\" xmlns:atom=\"http://www.w3.org/2005/Atom\">\n    <workspace>\n        <atom:title type=\"text\">Default</atom:title>\n        <collection href=\"BI-Employees\">\n            <atom:title type=\"text\">BI-Employees</atom:title>\n        </collection>\n        <collection href=\"CR-CampaignSalesOrders\">\n            <atom:title type=\"text\">CR-CampaignSalesOrders</atom:title>\n        </collection>\n        <collection href=\"BI-Dates\">\n            <atom:title type=\"text\">BI-Dates</atom:title>\n        </collection>\n        <collection href=\"BI-Opportunities\">\n            <atom:title type=\"text\">BI-Opportunities</atom:title>\n        </collection>\n        <collection href=\"CR-CampaignInvoices\">\n            <atom:title type=\"text\">CR-CampaignInvoices</atom:title>\n        </collection>\n        <collection href=\"BI-Customers\">\n            <atom:title type=\"text\">BI-Customers</atom:title>\n        </collection>\n        <collection href=\"Item%20Availability%20Data\">\n            <atom:title type=\"text\">Item Availability Data</atom:title>\n        </collection>\n        <collection href=\"Modified%20Stock%20Items\">\n            <atom:title type=\"text\">Modified Stock Items</atom:title>\n        </collection>\n        <collection href=\"Stock%20Item%20Attachments\">\n            <atom:title type=\"text\">Stock Item Attachments</atom:title>\n        </collection>\n        <collection href=\"Customer%20Contacts\">\n            <atom:title type=\"text\">Customer Contacts</atom:title>\n        </collection>\n    </workspace>\n</service>"
						}
					]
				}
			]
		},
		{
			"name": "Part 2: Initial Data Retrieval",
			"item": [
				{
					"name": "Lesson 2.1: Retrieving the List of Customers with Contacts",
					"request": {
						"method": "GET",
						"header": [],
						"body": {
							"mode": "raw",
							"raw": ""
						},
						"url": {
							"raw": "http://localhost/MyStoreInstance/OData/Customer%20Contacts?$format=json",
							"protocol": "http",
							"host": [
								"localhost"
							],
							"path": [
								"MyStoreInstance",
								"OData",
								"Customer%20Contacts"
							],
							"query": [
								{
									"key": "$format",
									"value": "json"
								}
							]
						}
					},
					"response": [
						{
							"name": "Example",
							"originalRequest": {
								"method": "GET",
								"header": [],
								"body": {
									"mode": "raw",
									"raw": ""
								},
								"url": {
									"raw": "http://localhost/MyStoreInstance/OData/Customer%20Contacts?$format=json",
									"protocol": "http",
									"host": [
										"localhost"
									],
									"path": [
										"MyStoreInstance",
										"OData",
										"Customer%20Contacts"
									],
									"query": [
										{
											"key": "$format",
											"value": "json"
										}
									]
								}
							},
							"status": "OK",
							"code": 200,
							"_postman_previewlanguage": "json",
							"header": [
								{
									"key": "Cache-Control",
									"value": "no-cache"
								},
								{
									"key": "Pragma",
									"value": "no-cache"
								},
								{
									"key": "Transfer-Encoding",
									"value": "chunked"
								},
								{
									"key": "Content-Type",
									"value": "application/json; charset=utf-8"
								},
								{
									"key": "Content-Encoding",
									"value": "gzip"
								},
								{
									"key": "Expires",
									"value": "-1"
								},
								{
									"key": "Server",
									"value": "Microsoft-IIS/10.0"
								},
								{
									"key": "X-Handled-By",
									"value": "Acumatica-PX.Export/AuthenticationManagerModule"
								},
								{
									"key": "Set-Cookie",
									"value": "UserBranch=82; path=/"
								},
								{
									"key": "Set-Cookie",
									"value": "LegacyUI=0; path=/"
								},
								{
									"key": "X-AspNet-Version",
									"value": "4.0.30319"
								},
								{
									"key": "X-Powered-By",
									"value": "ASP.NET"
								},
								{
									"key": "Date",
									"value": "Mon, 12 Nov 2018 07:50:23 GMT"
								}
							],
							"cookie": [],
							"body": "{\n    \"odata.metadata\": \"http://localhost/MyStoreInstance/odata/$metadata#Customer%20Contacts\",\n    \"value\": [\n        {\n            \"CustomerID\": \"C000000001\",\n            \"CustomerName\": \"Jersey Central Office Equip\",\n            \"CustomerClass\": \"DEFAULT\",\n            \"Email\": \"jersey-equip@mail.con\",\n            \"Phone1\": \"+1 (777) 283-0414\",\n            \"City\": \"Johannesburg\",\n            \"State\": null,\n            \"PostalCode\": null,\n            \"AddressLine1\": \"1 De Villiers & Harrison St, 11-th Flr.\",\n            \"AddressLine2\": null\n        },\n        {\n            \"CustomerID\": \"C000000002\",\n            \"CustomerName\": \"Microchip Restaurant\",\n            \"CustomerClass\": \"DEFAULT\",\n            \"Email\": null,\n            \"Phone1\": \"+1 (777) 459-4255\",\n            \"City\": \"Paramus\",\n            \"State\": \"NJ\",\n            \"PostalCode\": null,\n            \"AddressLine1\": \"1 Kalisa Way\",\n            \"AddressLine2\": null\n        },\n        {\n            \"CustomerID\": \"C000000003\",\n            \"CustomerName\": \"Jevy Computers\",\n            \"CustomerClass\": \"DEFAULT\",\n            \"Email\": \"info@jevy-comp.con\",\n            \"Phone1\": \"+1 (777) 380-0089\",\n            \"City\": \"San Francisco\",\n            \"State\": \"CA\",\n            \"PostalCode\": \"94107-3479\",\n            \"AddressLine1\": \"1000 Pennsylvania Ave\",\n            \"AddressLine2\": null\n        },\n        {\n            \"CustomerID\": \"C000000004\",\n            \"CustomerName\": \"KRK Consulting Service\",\n            \"CustomerClass\": \"DEFAULT\",\n            \"Email\": \"consulting@krk.con\",\n            \"Phone1\": \"+1 (777) 829-6988\",\n            \"City\": \"New York\",\n            \"State\": \"NY\",\n            \"PostalCode\": \"10119\",\n            \"AddressLine1\": \"1 Penn Plz\",\n            \"AddressLine2\": null\n        },\n        {\n            \"CustomerID\": \"C000000005\",\n            \"CustomerName\": \"Wright Corner\",\n            \"CustomerClass\": \"DEFAULT\",\n            \"Email\": \"mail@wright-corner.con\",\n            \"Phone1\": \"+1 (777) 513-9166\",\n            \"City\": \"New York\",\n            \"State\": \"NY\",\n            \"PostalCode\": \"10024\",\n            \"AddressLine1\": \"1 W 89TH St\",\n            \"AddressLine2\": null\n        },\n        {\n            \"CustomerID\": \"C000000006\",\n            \"CustomerName\": \"NETCAFE NY\",\n            \"CustomerClass\": \"DEFAULT\",\n            \"Email\": \"ny@netvafe.con\",\n            \"Phone1\": \"+1 (777) 673-7392\",\n            \"City\": \"Stamford\",\n            \"State\": \"CT\",\n            \"PostalCode\": null,\n            \"AddressLine1\": \"1011 High Ridge Rd\",\n            \"AddressLine2\": null\n        },\n        {\n            \"CustomerID\": \"C000000007\",\n            \"CustomerName\": \"Bestype Image\",\n            \"CustomerClass\": \"DEFAULT\",\n            \"Email\": null,\n            \"Phone1\": \"+1 (777) 966-6886\",\n            \"City\": \"Singapore\",\n            \"State\": null,\n            \"PostalCode\": null,\n            \"AddressLine1\": \"105 Cecil St\",\n            \"AddressLine2\": null\n        },\n        {\n            \"CustomerID\": \"C000000008\",\n            \"CustomerName\": \"Digitech Printers\",\n            \"CustomerClass\": \"DEFAULT\",\n            \"Email\": \"Printers@Digitech.con\",\n            \"Phone1\": \"+1 (777) 623-6150\",\n            \"City\": \"Cape town\",\n            \"State\": null,\n            \"PostalCode\": null,\n            \"AddressLine1\": \"11 Chiswick Park\",\n            \"AddressLine2\": null\n        },\n        {\n            \"CustomerID\": \"C000000009\",\n            \"CustomerName\": \"Precision Photos\",\n            \"CustomerClass\": \"DEFAULT\",\n            \"Email\": null,\n            \"Phone1\": \"+1 (777) 302-2756\",\n            \"City\": \"Flushing\",\n            \"State\": \"NY\",\n            \"PostalCode\": null,\n            \"AddressLine1\": \"11 US Air Terminal Ste 1413\",\n            \"AddressLine2\": null\n        },\n        {\n            \"CustomerID\": \"C000000013\",\n            \"CustomerName\": \"WFAN Radio\",\n            \"CustomerClass\": \"DEFAULT\",\n            \"Email\": \"info@wfan.con\",\n            \"Phone1\": \"+1 (777) 754-7690\",\n            \"City\": \"London\",\n            \"State\": null,\n            \"PostalCode\": null,\n            \"AddressLine1\": \"1188-1210, Wellstock Street\",\n            \"AddressLine2\": null\n        },\n        {\n            \"CustomerID\": \"C000000017\",\n            \"CustomerName\": \"New York Cares\",\n            \"CustomerClass\": \"DEFAULT\",\n            \"Email\": \"help@ny-cares.con\",\n            \"Phone1\": \"+1 (777) 243-5004\",\n            \"City\": \"Euless\",\n            \"State\": \"TX\",\n            \"PostalCode\": null,\n            \"AddressLine1\": \"1201 Airport Fwy Ste 170\",\n            \"AddressLine2\": null\n        },\n        {\n            \"CustomerID\": \"C000000020\",\n            \"CustomerName\": \"Institute of Culinary Education, The\",\n            \"CustomerClass\": \"DEFAULT\",\n            \"Email\": \"dean@culinary-education.con\",\n            \"Phone1\": \"+1 (777) 961-2433\",\n            \"City\": \"Any City\",\n            \"State\": \"DC\",\n            \"PostalCode\": null,\n            \"AddressLine1\": \"123 any street\",\n            \"AddressLine2\": null\n        },\n        {\n            \"CustomerID\": \"C000000023\",\n            \"CustomerName\": \"New York International Beauty School Ltd\",\n            \"CustomerClass\": \"DEFAULT\",\n            \"Email\": \"Bart@megamail.con\",\n            \"Phone1\": \"+1 (777) 868-7171\",\n            \"City\": \"Richmond\",\n            \"State\": null,\n            \"PostalCode\": null,\n            \"AddressLine1\": \"12447, The Green\",\n            \"AddressLine2\": null\n        },\n        {\n            \"CustomerID\": \"C000000024\",\n            \"CustomerName\": \"Alphabetland School Center\",\n            \"CustomerClass\": \"DEFAULT\",\n            \"Email\": \"alph@sch.com\",\n            \"Phone1\": \"+1 (777) 826-9338\",\n            \"City\": \"Staten Island\",\n            \"State\": \"NY\",\n            \"PostalCode\": \"10305-3111\",\n            \"AddressLine1\": \"1255 Bay St\",\n            \"AddressLine2\": null\n        },\n        {\n            \"CustomerID\": \"C000000025\",\n            \"CustomerName\": \"Winston Personnel\",\n            \"CustomerClass\": \"DEFAULT\",\n            \"Email\": \"info@winston.con\",\n            \"Phone1\": \"+1 (777) 554-5530\",\n            \"City\": \"Bremerton\",\n            \"State\": \"WA\",\n            \"PostalCode\": null,\n            \"AddressLine1\": \"12603 Kitsap Way\",\n            \"AddressLine2\": null\n        },\n        {\n            \"CustomerID\": \"C000000026\",\n            \"CustomerName\": \"Active Staffing Service\",\n            \"CustomerClass\": \"DEFAULT\",\n            \"Email\": \"info@active-staffing.con\",\n            \"Phone1\": \"+1 (777) 244-6544\",\n            \"City\": \"Brooklyn\",\n            \"State\": \"NY\",\n            \"PostalCode\": \"11237-2303\",\n            \"AddressLine1\": \"1300 Flushing Ave\",\n            \"AddressLine2\": null\n        },\n        {\n            \"CustomerID\": \"C000000027\",\n            \"CustomerName\": \"Personnel Express\",\n            \"CustomerClass\": \"DEFAULT\",\n            \"Email\": \"Pers-exp@mail.con\",\n            \"Phone1\": \"+1 (777) 818-9030\",\n            \"City\": \"New York\",\n            \"State\": \"NY\",\n            \"PostalCode\": \"10021\",\n            \"AddressLine1\": \"1317 3RD Ave Ste 100\",\n            \"AddressLine2\": null\n        },\n        {\n            \"CustomerID\": \"C000000028\",\n            \"CustomerName\": \"N R Westport LLC\",\n            \"CustomerClass\": \"DEFAULT\",\n            \"Email\": \"westport@usamail.con\",\n            \"Phone1\": \"+1 (777) 345-1352\",\n            \"City\": \"White Plains\",\n            \"State\": \"NY\",\n            \"PostalCode\": null,\n            \"AddressLine1\": \"132 Tibbits Ave\",\n            \"AddressLine2\": null\n        },\n        {\n            \"CustomerID\": \"C000000032\",\n            \"CustomerName\": \"NEP Personnel Unit\",\n            \"CustomerClass\": \"DEFAULT\",\n            \"Email\": \"nep@mail.con\",\n            \"Phone1\": \"+1 (777) 446-3073\",\n            \"City\": \"New York\",\n            \"State\": \"NY\",\n            \"PostalCode\": \"10018\",\n            \"AddressLine1\": \"1441 Broadway\",\n            \"AddressLine2\": null\n        },\n        {\n            \"CustomerID\": \"C000000035\",\n            \"CustomerName\": \"Cocciatari Pizza\",\n            \"CustomerClass\": \"DEFAULT\",\n            \"Email\": \"pizza@Cocciatari.con\",\n            \"Phone1\": \"+1 (777) 623-5001\",\n            \"City\": \"Tigerd\",\n            \"State\": \"OR\",\n            \"PostalCode\": null,\n            \"AddressLine1\": \"15213 SW Durham Road\",\n            \"AddressLine2\": null\n        },\n        {\n            \"CustomerID\": \"C000000036\",\n            \"CustomerName\": \"Chocolate By Design Incorporated\",\n            \"CustomerClass\": \"DEFAULT\",\n            \"Email\": \"CBDI@mail.com\",\n            \"Phone1\": \"+1 (777) 737-0034\",\n            \"City\": \"New York\",\n            \"State\": \"NY\",\n            \"PostalCode\": \"11219\",\n            \"AddressLine1\": \"1542 55TH Ave\",\n            \"AddressLine2\": null\n        },\n        {\n            \"CustomerID\": \"C000000037\",\n            \"CustomerName\": \"Marlin Office Beverage Service\",\n            \"CustomerClass\": \"DEFAULT\",\n            \"Email\": \"Marlin@googmail.con\",\n            \"Phone1\": \"+1 (212) 673-3166\",\n            \"City\": \"Chappaqua\",\n            \"State\": \"NY\",\n            \"PostalCode\": null,\n            \"AddressLine1\": \"1551 Kittle Rd\",\n            \"AddressLine2\": null\n        },\n        {\n            \"CustomerID\": \"C000000038\",\n            \"CustomerName\": \"Antun's of Westchester\",\n            \"CustomerClass\": \"DEFAULT\",\n            \"Email\": \"Antun@megamail.con\",\n            \"Phone1\": \"+1 (777) 592-5260\",\n            \"City\": \"Fair Lawn\",\n            \"State\": \"NJ\",\n            \"PostalCode\": null,\n            \"AddressLine1\": \"156-534 Broadway\",\n            \"AddressLine2\": null\n        },\n        {\n            \"CustomerID\": \"C000000039\",\n            \"CustomerName\": \"Crabtree Kittle House Inn\",\n            \"CustomerClass\": \"DEFAULT\",\n            \"Email\": \"Kittle@Crabtree.con\",\n            \"Phone1\": \"+1 (777) 666-8044\",\n            \"City\": \"New York\",\n            \"State\": \"NY\",\n            \"PostalCode\": \"10019\",\n            \"AddressLine1\": \"1604 Broadway\",\n            \"AddressLine2\": null\n        },\n        {\n            \"CustomerID\": \"C000000043\",\n            \"CustomerName\": \"Premiere Dermatology and Surgery\",\n            \"CustomerClass\": \"DEFAULT\",\n            \"Email\": null,\n            \"Phone1\": \"+1 (777) 344-2450\",\n            \"City\": \"North Bellmore\",\n            \"State\": \"NY\",\n            \"PostalCode\": null,\n            \"AddressLine1\": \"17575 Newbridge Rd\",\n            \"AddressLine2\": null\n        },\n        {\n            \"CustomerID\": \"C000000044\",\n            \"CustomerName\": \"Rich Vision\",\n            \"CustomerClass\": \"DEFAULT\",\n            \"Email\": \"consulting@richvision.con\",\n            \"Phone1\": \"+1 (777) 325-3400\",\n            \"City\": \"Boston\",\n            \"State\": \"NY\",\n            \"PostalCode\": null,\n            \"AddressLine1\": \"178-01 Hillside Ave Jamaica Estates\",\n            \"AddressLine2\": null\n        },\n        {\n            \"CustomerID\": \"C000000048\",\n            \"CustomerName\": \"Safe Credit Union\",\n            \"CustomerClass\": \"DEFAULT\",\n            \"Email\": \"info@safe-credit.con\",\n            \"Phone1\": \"+1 (777) 934-7533\",\n            \"City\": \"New york\",\n            \"State\": \"NY\",\n            \"PostalCode\": \"10036\",\n            \"AddressLine1\": \"19 W 45th St\",\n            \"AddressLine2\": null\n        },\n        {\n            \"CustomerID\": \"C000000051\",\n            \"CustomerName\": \"Brass Key Bar\",\n            \"CustomerClass\": \"DEFAULT\",\n            \"Email\": \"Livernois@brass-key.con\",\n            \"Phone1\": \"+1  (777) 898-0326\",\n            \"City\": \"New York\",\n            \"State\": \"NY\",\n            \"PostalCode\": null,\n            \"AddressLine1\": \"2030 Ave Of The Americas\",\n            \"AddressLine2\": null\n        },\n        {\n            \"CustomerID\": \"C000000052\",\n            \"CustomerName\": \"Streamray Incorporated\",\n            \"CustomerClass\": \"DEFAULT\",\n            \"Email\": \"mail@Streamray.con\",\n            \"Phone1\": \"+1 (777) 307-5243\",\n            \"City\": \"New York\",\n            \"State\": \"NY\",\n            \"PostalCode\": null,\n            \"AddressLine1\": \"210 Canal St Ste 312\",\n            \"AddressLine2\": null\n        },\n        {\n            \"CustomerID\": \"C000000053\",\n            \"CustomerName\": \"Silver Springs Water\",\n            \"CustomerClass\": \"DEFAULT\",\n            \"Email\": \"silver-water@mail.con\",\n            \"Phone1\": \"+1 (702) 897-4854\",\n            \"City\": \"New York\",\n            \"State\": \"NY\",\n            \"PostalCode\": null,\n            \"AddressLine1\": \"212W 23rd St\",\n            \"AddressLine2\": null\n        },\n        {\n            \"CustomerID\": \"C000000054\",\n            \"CustomerName\": \"Logical Information Solutions\",\n            \"CustomerClass\": \"DEFAULT\",\n            \"Email\": \"lis@usa-mail.con\",\n            \"Phone1\": \"+1 (777) 837-2455\",\n            \"City\": \"Flushing\",\n            \"State\": \"NY\",\n            \"PostalCode\": null,\n            \"AddressLine1\": \"21831 Queens Blvd Ste 610\",\n            \"AddressLine2\": null\n        },\n        {\n            \"CustomerID\": \"C000000058\",\n            \"CustomerName\": \"Westin Galleria Houston\",\n            \"CustomerClass\": \"DEFAULT\",\n            \"Email\": \"Westin@texasmail.con\",\n            \"Phone1\": \"+1 (777) 839-5636\",\n            \"City\": \"New York\",\n            \"State\": \"NY\",\n            \"PostalCode\": null,\n            \"AddressLine1\": \"2234 East 14th Street\",\n            \"AddressLine2\": null\n        },\n        {\n            \"CustomerID\": \"C000000059\",\n            \"CustomerName\": \"Boulder Couriers Denver\",\n            \"CustomerClass\": \"DEFAULT\",\n            \"Email\": \"denver@b-couriers.com\",\n            \"Phone1\": \"+1 (777) 571-5719\",\n            \"City\": \"New York\",\n            \"State\": \"NY\",\n            \"PostalCode\": null,\n            \"AddressLine1\": \"2256 Avenue Of The Americas\",\n            \"AddressLine2\": null\n        },\n        {\n            \"CustomerID\": \"C000000063\",\n            \"CustomerName\": \"LaserWorks, The\",\n            \"CustomerClass\": \"DEFAULT\",\n            \"Email\": \"laserwork@canadamail.con\",\n            \"Phone1\": \"+1 (777) 421-1574\",\n            \"City\": \"Marietta\",\n            \"State\": \"GA\",\n            \"PostalCode\": null,\n            \"AddressLine1\": \"2335 Allgood Rd Ste 53\",\n            \"AddressLine2\": null\n        },\n        {\n            \"CustomerID\": \"C000000064\",\n            \"CustomerName\": \"Etelligent Solutions\",\n            \"CustomerClass\": \"DEFAULT\",\n            \"Email\": \"info@etelligent.con\",\n            \"Phone1\": \"+1 (777) 985-3853\",\n            \"City\": \"New York\",\n            \"State\": \"NY\",\n            \"PostalCode\": null,\n            \"AddressLine1\": \"234 W 429th St\",\n            \"AddressLine2\": null\n        },\n        {\n            \"CustomerID\": \"C000000065\",\n            \"CustomerName\": \"Data Recovery Services\",\n            \"CustomerClass\": \"DEFAULT\",\n            \"Email\": \"service@data-recovery.con\",\n            \"Phone1\": \"+44 (2211) 2470074\",\n            \"City\": \"Sacramento\",\n            \"State\": \"CA\",\n            \"PostalCode\": null,\n            \"AddressLine1\": \"23410 Ramp Way\",\n            \"AddressLine2\": null\n        },\n        {\n            \"CustomerID\": \"C000000066\",\n            \"CustomerName\": \"HD Technical Services Limited\",\n            \"CustomerClass\": \"DEFAULT\",\n            \"Email\": \"tech@hd-services.con\",\n            \"Phone1\": \"+44 (2211) 8620299\",\n            \"City\": \"Coppell\",\n            \"State\": \"TX\",\n            \"PostalCode\": null,\n            \"AddressLine1\": \"2342 S Macarthur Blvd\",\n            \"AddressLine2\": null\n        },\n        {\n            \"CustomerID\": \"C000000067\",\n            \"CustomerName\": \"Portmeirion Hotel Int.\",\n            \"CustomerClass\": \"DEFAULT\",\n            \"Email\": \"inn@portmeirion.con\",\n            \"Phone1\": \"+44 (2211) 0272115\",\n            \"City\": \"Oakville\",\n            \"State\": \"ON\",\n            \"PostalCode\": null,\n            \"AddressLine1\": \"23441 Hampshire Gate,\",\n            \"AddressLine2\": null\n        },\n        {\n            \"CustomerID\": \"C000000068\",\n            \"CustomerName\": \"Mak System France\",\n            \"CustomerClass\": \"DEFAULT\",\n            \"Email\": \"mail@mak.system.con\",\n            \"Phone1\": \"+33 (777) 863-3454\",\n            \"City\": \"Woodstock\",\n            \"State\": \"ON\",\n            \"PostalCode\": null,\n            \"AddressLine1\": \"23455 Pattullo\",\n            \"AddressLine2\": null\n        },\n        {\n            \"CustomerID\": \"C000000069\",\n            \"CustomerName\": \"Caribbean Secretary Online\",\n            \"CustomerClass\": \"DEFAULT\",\n            \"Email\": \"secretary@email.con\",\n            \"Phone1\": \"+33 (777) 05 76 87 7\",\n            \"City\": \"Jamaica\",\n            \"State\": \"NY\",\n            \"PostalCode\": null,\n            \"AddressLine1\": \"23940 Hillside Ave\",\n            \"AddressLine2\": null\n        },\n        {\n            \"CustomerID\": \"C000000070\",\n            \"CustomerName\": \"Nautilus Bar SABL\",\n            \"CustomerClass\": \"DEFAULT\",\n            \"Email\": \"bar@Nautilus.con\",\n            \"Phone1\": \"+33 (777) 672-2505\",\n            \"City\": \"New York\",\n            \"State\": \"NY\",\n            \"PostalCode\": null,\n            \"AddressLine1\": \"247 W 37th St\",\n            \"AddressLine2\": null\n        },\n        {\n            \"CustomerID\": \"C000000071\",\n            \"CustomerName\": \"ROTON IT-Service\",\n            \"CustomerClass\": \"DEFAULT\",\n            \"Email\": \"roton@email.con\",\n            \"Phone1\": \"+ 49 (99111) 1450787\",\n            \"City\": \"New York\",\n            \"State\": \"NY\",\n            \"PostalCode\": null,\n            \"AddressLine1\": \"25 W 35th St\",\n            \"AddressLine2\": null\n        },\n        {\n            \"CustomerID\": \"C000000074\",\n            \"CustomerName\": \"THE LEARNING CENTER OF TUSCANY\",\n            \"CustomerClass\": \"DEFAULT\",\n            \"Email\": \"Tuscany@italymail.com\",\n            \"Phone1\": \"+39 (777) 0515035\",\n            \"City\": \"New York\",\n            \"State\": \"NY\",\n            \"PostalCode\": null,\n            \"AddressLine1\": \"26 West 44th St\",\n            \"AddressLine2\": null\n        },\n        {\n            \"CustomerID\": \"C000000075\",\n            \"CustomerName\": \"MUSIC AREA\",\n            \"CustomerClass\": \"DEFAULT\",\n            \"Email\": \"info@music-area.con\",\n            \"Phone1\": \"+39 (777) 0456756\",\n            \"City\": \"San Leandro\",\n            \"State\": \"CA\",\n            \"PostalCode\": null,\n            \"AddressLine1\": \"265 Callan Ave Ste 142\",\n            \"AddressLine2\": null\n        },\n        {\n            \"CustomerID\": \"C000000076\",\n            \"CustomerName\": \"CHENGDU RONGYI WATER PROCESSING\",\n            \"CustomerClass\": \"DEFAULT\",\n            \"Email\": \"water-proc@chinamail.con\",\n            \"Phone1\": \"+86 (7777) 6546776\",\n            \"City\": \"New York\",\n            \"State\": \"NY\",\n            \"PostalCode\": null,\n            \"AddressLine1\": \"266 W 47th St\",\n            \"AddressLine2\": null\n        },\n        {\n            \"CustomerID\": \"C000000077\",\n            \"CustomerName\": \"DA CITY CONSTRUCT SUPERVISE TEAM\",\n            \"CustomerClass\": \"DEFAULT\",\n            \"Email\": \"mail@supervise-team.con\",\n            \"Phone1\": \"+86 (7777) 7677376\",\n            \"City\": \"New York\",\n            \"State\": \"NY\",\n            \"PostalCode\": null,\n            \"AddressLine1\": \"267 W. 77th Street 45th Floor\",\n            \"AddressLine2\": null\n        },\n        {\n            \"CustomerID\": \"C000000078\",\n            \"CustomerName\": \"AMRO Bank N.V.\",\n            \"CustomerClass\": \"DEFAULT\",\n            \"Email\": \"bank@amro.con\",\n            \"Phone1\": \"+81 (777) 443-4657\",\n            \"City\": \"Elizabeth\",\n            \"State\": \"NJ\",\n            \"PostalCode\": null,\n            \"AddressLine1\": \"2734 Spring St.\",\n            \"AddressLine2\": null\n        },\n        {\n            \"CustomerID\": \"C000000079\",\n            \"CustomerName\": \"Asahi Sun Tours\",\n            \"CustomerClass\": \"DEFAULT\",\n            \"Email\": \"Asahi@japan-mail.con\",\n            \"Phone1\": \"+81 (777) 434-4679\",\n            \"City\": \"Brooklyn\",\n            \"State\": \"NY\",\n            \"PostalCode\": null,\n            \"AddressLine1\": \"293 Brighton 99th St\",\n            \"AddressLine2\": null\n        },\n        {\n            \"CustomerID\": \"C000000080\",\n            \"CustomerName\": \"Ajigasawa Prince Hotel\",\n            \"CustomerClass\": \"DEFAULT\",\n            \"Email\": \"mail@Ajigasawa.con\",\n            \"Phone1\": \"+81 (777) 434-4234\",\n            \"City\": \"Houston\",\n            \"State\": \"TX\",\n            \"PostalCode\": null,\n            \"AddressLine1\": \"29300 W Alabama St.\",\n            \"AddressLine2\": null\n        },\n        {\n            \"CustomerID\": \"C000000081\",\n            \"CustomerName\": \"Artcages Co.\",\n            \"CustomerClass\": \"DEFAULT\",\n            \"Email\": null,\n            \"Phone1\": \"+1 (777) 252-6488\",\n            \"City\": \"Englewood\",\n            \"State\": \"NJ\",\n            \"PostalCode\": null,\n            \"AddressLine1\": \"299 Nathaniel Place\",\n            \"AddressLine2\": null\n        },\n        {\n            \"CustomerID\": \"C000000083\",\n            \"CustomerName\": \"Kamm System France\",\n            \"CustomerClass\": \"DEFAULT\",\n            \"Email\": null,\n            \"Phone1\": \"+33 (203) 863-3454\",\n            \"City\": null,\n            \"State\": \"NY\",\n            \"PostalCode\": null,\n            \"AddressLine1\": \"300 Madison Avenue\",\n            \"AddressLine2\": null\n        },\n        {\n            \"CustomerID\": \"C000000086\",\n            \"CustomerName\": \"YY Studio\",\n            \"CustomerClass\": \"DEFAULT\",\n            \"Email\": null,\n            \"Phone1\": null,\n            \"City\": \"San Francisco\",\n            \"State\": \"CA\",\n            \"PostalCode\": null,\n            \"AddressLine1\": \"3245 Watchogue Rd\",\n            \"AddressLine2\": null\n        },\n        {\n            \"CustomerID\": \"C000000087\",\n            \"CustomerName\": \"Westfield Co., Ltd\",\n            \"CustomerClass\": \"DEFAULT\",\n            \"Email\": null,\n            \"Phone1\": null,\n            \"City\": \"North Shields\",\n            \"State\": null,\n            \"PostalCode\": null,\n            \"AddressLine1\": \"325, Camden St,\",\n            \"AddressLine2\": null\n        },\n        {\n            \"CustomerID\": \"C000000088\",\n            \"CustomerName\": \"BronzeKey Workshop\",\n            \"CustomerClass\": \"DEFAULT\",\n            \"Email\": null,\n            \"Phone1\": null,\n            \"City\": \"Fort de France\",\n            \"State\": null,\n            \"PostalCode\": null,\n            \"AddressLine1\": \"3265 Cité Floréal De Briant\",\n            \"AddressLine2\": null\n        },\n        {\n            \"CustomerID\": \"C000000089\",\n            \"CustomerName\": \"Glog Consulting\",\n            \"CustomerClass\": \"DEFAULT\",\n            \"Email\": null,\n            \"Phone1\": null,\n            \"City\": \"San Francisco\",\n            \"State\": \"CA\",\n            \"PostalCode\": null,\n            \"AddressLine1\": \"329 W 49th St\",\n            \"AddressLine2\": null\n        },\n        {\n            \"CustomerID\": \"C000000090\",\n            \"CustomerName\": \"Digipter Svc\",\n            \"CustomerClass\": \"DEFAULT\",\n            \"Email\": null,\n            \"Phone1\": null,\n            \"City\": \"Henderson\",\n            \"State\": \"NV\",\n            \"PostalCode\": null,\n            \"AddressLine1\": \"33457 Clark Dr\",\n            \"AddressLine2\": null\n        },\n        {\n            \"CustomerID\": \"C000000091\",\n            \"CustomerName\": \"Cognitive Solutions Co\",\n            \"CustomerClass\": \"DEFAULT\",\n            \"Email\": null,\n            \"Phone1\": null,\n            \"City\": \"San Francisco\",\n            \"State\": \"CA\",\n            \"PostalCode\": null,\n            \"AddressLine1\": null,\n            \"AddressLine2\": null\n        }\n    ]\n}"
						}
					]
				},
				{
					"name": "Lesson 2.2: Retrieving the Quantities of Stock Items",
					"request": {
						"method": "GET",
						"header": [],
						"body": {
							"mode": "raw",
							"raw": ""
						},
						"url": {
							"raw": "http://localhost/MyStoreInstance/OData/Item%20Availability%20Data?$format=json",
							"protocol": "http",
							"host": [
								"localhost"
							],
							"path": [
								"MyStoreInstance",
								"OData",
								"Item%20Availability%20Data"
							],
							"query": [
								{
									"key": "$format",
									"value": "json"
								}
							]
						}
					},
					"response": [
						{
							"name": "Example",
							"originalRequest": {
								"method": "GET",
								"header": [],
								"body": {
									"mode": "raw",
									"raw": ""
								},
								"url": {
									"raw": "http://localhost/MyStoreInstance/OData/Item%20Availability%20Data?$format=json",
									"protocol": "http",
									"host": [
										"localhost"
									],
									"path": [
										"MyStoreInstance",
										"OData",
										"Item%20Availability%20Data"
									],
									"query": [
										{
											"key": "$format",
											"value": "json"
										}
									]
								}
							},
							"status": "OK",
							"code": 200,
							"_postman_previewlanguage": "json",
							"header": [
								{
									"key": "Cache-Control",
									"value": "no-cache"
								},
								{
									"key": "Pragma",
									"value": "no-cache"
								},
								{
									"key": "Transfer-Encoding",
									"value": "chunked"
								},
								{
									"key": "Content-Type",
									"value": "application/json; charset=utf-8"
								},
								{
									"key": "Content-Encoding",
									"value": "gzip"
								},
								{
									"key": "Expires",
									"value": "-1"
								},
								{
									"key": "Server",
									"value": "Microsoft-IIS/10.0"
								},
								{
									"key": "X-Handled-By",
									"value": "Acumatica-PX.Export/AuthenticationManagerModule"
								},
								{
									"key": "Set-Cookie",
									"value": "UserBranch=82; path=/"
								},
								{
									"key": "Set-Cookie",
									"value": "LegacyUI=0; path=/"
								},
								{
									"key": "X-AspNet-Version",
									"value": "4.0.30319"
								},
								{
									"key": "X-Powered-By",
									"value": "ASP.NET"
								},
								{
									"key": "Date",
									"value": "Mon, 12 Nov 2018 10:49:23 GMT"
								}
							],
							"cookie": [],
							"body": "{\n    \"odata.metadata\": \"http://localhost/MyStoreInstance/odata/$metadata#Item%20Availability%20Data\",\n    \"value\": [\n        {\n            \"InventoryID\": \"SIMCARD   \",\n            \"Warehouse\": \"YOGI      \",\n            \"Description\": \"SIM card & contract\",\n            \"QtyOnHand\": \"1000.000000\",\n            \"QtyAvailable\": \"1000.000000\"\n        },\n        {\n            \"InventoryID\": \"AACOMPUT01\",\n            \"Warehouse\": \"MAIN      \",\n            \"Description\": \"Acer Laptop Computer\",\n            \"QtyOnHand\": \"150.000000\",\n            \"QtyAvailable\": \"150.000000\"\n        },\n        {\n            \"InventoryID\": \"AALEGO500 \",\n            \"Warehouse\": \"MAIN      \",\n            \"Description\": \"Lego, 500 piece set\",\n            \"QtyOnHand\": \"2000.000000\",\n            \"QtyAvailable\": \"1974.000000\"\n        },\n        {\n            \"InventoryID\": \"AAMACHINE1\",\n            \"Warehouse\": \"MAIN      \",\n            \"Description\": \"Injection molding machine\",\n            \"QtyOnHand\": \"130.000000\",\n            \"QtyAvailable\": \"127.000000\"\n        },\n        {\n            \"InventoryID\": \"CONGRILL  \",\n            \"Warehouse\": \"MAIN      \",\n            \"Description\": \"Char-Broil Classic 480\",\n            \"QtyOnHand\": \"200.000000\",\n            \"QtyAvailable\": \"193.000000\"\n        },\n        {\n            \"InventoryID\": \"CONTABLE1 \",\n            \"Warehouse\": \"MAIN      \",\n            \"Description\": \"Folding Picnic Table 6 Foot\",\n            \"QtyOnHand\": \"200.000000\",\n            \"QtyAvailable\": \"195.000000\"\n        },\n        {\n            \"InventoryID\": \"LAPTOP12  \",\n            \"Warehouse\": \"MAIN      \",\n            \"Description\": \"Laptop 12''\",\n            \"QtyOnHand\": \"20.000000\",\n            \"QtyAvailable\": \"20.000000\"\n        },\n        {\n            \"InventoryID\": \"LAPTOP14  \",\n            \"Warehouse\": \"MAIN      \",\n            \"Description\": \"Laptop 14''\",\n            \"QtyOnHand\": \"20.000000\",\n            \"QtyAvailable\": \"20.000000\"\n        },\n        {\n            \"InventoryID\": \"MOUSE     \",\n            \"Warehouse\": \"MAIN      \",\n            \"Description\": \"Computer mouse\",\n            \"QtyOnHand\": \"40.000000\",\n            \"QtyAvailable\": \"40.000000\"\n        },\n        {\n            \"InventoryID\": \"HEADSET   \",\n            \"Warehouse\": \"MAIN      \",\n            \"Description\": \"Headset\",\n            \"QtyOnHand\": \"40.000000\",\n            \"QtyAvailable\": \"40.000000\"\n        },\n        {\n            \"InventoryID\": \"KEYBOARD  \",\n            \"Warehouse\": \"MAIN      \",\n            \"Description\": \"Computer keyboard\",\n            \"QtyOnHand\": \"40.000000\",\n            \"QtyAvailable\": \"40.000000\"\n        },\n        {\n            \"InventoryID\": \"MONITOR26 \",\n            \"Warehouse\": \"MAIN      \",\n            \"Description\": \"Monitor 26''\",\n            \"QtyOnHand\": \"40.000000\",\n            \"QtyAvailable\": \"40.000000\"\n        },\n        {\n            \"InventoryID\": \"LEATHCASE \",\n            \"Warehouse\": \"MAIN      \",\n            \"Description\": \"Leather case for laptops 12\\\"-15\\\"\",\n            \"QtyOnHand\": \"40.000000\",\n            \"QtyAvailable\": \"40.000000\"\n        }\n    ]\n}"
						}
					]
				}
			]
		},
		{
			"name": "Part 3: Retrieval of the Delta of Records",
			"item": [
				{
					"name": "Lesson 3.1: Retrieving the Names of the Fields",
					"request": {
						"method": "GET",
						"header": [
							{
								"key": "Accept",
								"type": "text",
								"value": "application/json"
							},
							{
								"key": "Content-Type",
								"type": "text",
								"value": "application/json"
							}
						],
						"body": {
							"mode": "raw",
							"raw": ""
						},
						"url": {
							"raw": "http://localhost/MyStoreInstance/OData/$metadata",
							"protocol": "http",
							"host": [
								"localhost"
							],
							"path": [
								"MyStoreInstance",
								"OData",
								"$metadata"
							]
						}
					},
					"response": [
						{
							"name": "Example",
							"originalRequest": {
								"method": "GET",
								"header": [
									{
										"key": "Accept",
										"type": "text",
										"value": "application/json"
									},
									{
										"key": "Content-Type",
										"type": "text",
										"value": "application/json"
									}
								],
								"body": {
									"mode": "raw",
									"raw": ""
								},
								"url": {
									"raw": "http://localhost/MyStoreInstance/OData/$metadata",
									"protocol": "http",
									"host": [
										"localhost"
									],
									"path": [
										"MyStoreInstance",
										"OData",
										"$metadata"
									]
								}
							},
							"status": "OK",
							"code": 200,
							"_postman_previewlanguage": "xml",
							"header": [
								{
									"key": "Cache-Control",
									"value": "no-cache"
								},
								{
									"key": "Pragma",
									"value": "no-cache"
								},
								{
									"key": "Content-Type",
									"value": "application/xml; charset=utf-8"
								},
								{
									"key": "Content-Encoding",
									"value": "gzip"
								},
								{
									"key": "Expires",
									"value": "-1"
								},
								{
									"key": "Server",
									"value": "Microsoft-IIS/10.0"
								},
								{
									"key": "X-Handled-By",
									"value": "Acumatica-PX.Export/AuthenticationManagerModule"
								},
								{
									"key": "DataServiceVersion",
									"value": "3.0"
								},
								{
									"key": "X-AspNet-Version",
									"value": "4.0.30319"
								},
								{
									"key": "Set-Cookie",
									"value": "UserBranch=82; path=/"
								},
								{
									"key": "Set-Cookie",
									"value": "LegacyUI=0; path=/"
								},
								{
									"key": "Set-Cookie",
									"value": "Locale=TimeZone=GMTM0500G&Culture=en-US; path=/"
								},
								{
									"key": "X-Powered-By",
									"value": "ASP.NET"
								},
								{
									"key": "Date",
									"value": "Mon, 12 Nov 2018 11:44:13 GMT"
								},
								{
									"key": "Content-Length",
									"value": "1225"
								}
							],
							"cookie": [],
							"body": "<?xml version=\"1.0\" encoding=\"utf-8\"?>\n<edmx:Edmx Version=\"1.0\" xmlns:edmx=\"http://schemas.microsoft.com/ado/2007/06/edmx\">\n    <edmx:DataServices m:DataServiceVersion=\"3.0\" m:MaxDataServiceVersion=\"3.0\" xmlns:m=\"http://schemas.microsoft.com/ado/2007/08/dataservices/metadata\">\n        <Schema Namespace=\"PX.Data\" xmlns=\"http://schemas.microsoft.com/ado/2009/11/edm\">\n            <EntityType Name=\"BI-Employees\">\n                <Key>\n                    <PropertyRef Name=\"Employee\" />\n                    <PropertyRef Name=\"Login\" />\n                </Key>\n                <Property Name=\"Employee\" Type=\"Edm.String\" />\n                <Property Name=\"Login\" Type=\"Edm.String\" />\n                <Property Name=\"EmployeeName\" Type=\"Edm.String\" />\n                <Property Name=\"Class\" Type=\"Edm.String\" />\n                <Property Name=\"Status\" Type=\"Edm.String\" />\n                <Property Name=\"Department\" Type=\"Edm.String\" />\n                <Property Name=\"Country\" Type=\"Edm.String\" />\n                <Property Name=\"Supervisor\" Type=\"Edm.String\" />\n            </EntityType>\n            <EntityType Name=\"CR-CampaignSalesOrders\">\n                <Key>\n                    <PropertyRef Name=\"OpportunityID\" />\n                    <PropertyRef Name=\"OrderType\" />\n                    <PropertyRef Name=\"OrderNbr\" />\n                    <PropertyRef Name=\"Customer\" />\n                    <PropertyRef Name=\"OpportunityWorkgroup\" />\n                    <PropertyRef Name=\"OrderBranch\" />\n                    <PropertyRef Name=\"CustomerLocationID\" />\n                    <PropertyRef Name=\"CampaignID\" />\n                </Key>\n                <Property Name=\"OpportunityID\" Type=\"Edm.String\" />\n                <Property Name=\"OrderType\" Type=\"Edm.String\" />\n                <Property Name=\"OrderNbr\" Type=\"Edm.String\" />\n                <Property Name=\"Customer\" Type=\"Edm.String\" />\n                <Property Name=\"OpportunityWorkgroup\" Type=\"Edm.String\" />\n                <Property Name=\"OrderBranch\" Type=\"Edm.String\" />\n                <Property Name=\"CustomerLocationID\" Type=\"Edm.String\" />\n                <Property Name=\"CampaignID\" Type=\"Edm.String\" />\n                <Property Name=\"Status\" Type=\"Edm.String\" />\n                <Property Name=\"Description\" Type=\"Edm.String\" />\n                <Property Name=\"Currency\" Type=\"Edm.String\" />\n                <Property Name=\"OrderTotal\" Type=\"Edm.Decimal\" />\n                <Property Name=\"OrderDate\" Type=\"Edm.DateTime\" />\n                <Property Name=\"CustomerOrder\" Type=\"Edm.String\" />\n                <Property Name=\"Status_2\" Type=\"Edm.String\" />\n                <Property Name=\"Source\" Type=\"Edm.String\" />\n                <Property Name=\"ClosingDate\" Type=\"Edm.DateTime\" />\n                <Property Name=\"Stage\" Type=\"Edm.String\" />\n                <Property Name=\"OpportunityOwnerID\" Type=\"Edm.Guid\" />\n                <Property Name=\"OpportunityOwnerName\" Type=\"Edm.String\" />\n                <Property Name=\"OpportunityWorkgroupID\" Type=\"Edm.Int32\" />\n                <Property Name=\"CustomerName\" Type=\"Edm.String\" />\n                <Property Name=\"OrderBranchName\" Type=\"Edm.String\" />\n                <Property Name=\"OrderCreatedBy\" Type=\"Edm.String\" />\n                <Property Name=\"OrderCreatedOn\" Type=\"Edm.DateTime\" />\n                <Property Name=\"CustomerLocationName\" Type=\"Edm.String\" />\n                <Property Name=\"OpportunityClass\" Type=\"Edm.String\" />\n                <Property Name=\"CampaignName\" Type=\"Edm.String\" />\n                <Property Name=\"CampaignClass\" Type=\"Edm.String\" />\n            </EntityType>\n            <EntityType Name=\"BI-Dates\">\n                <Key>\n                    <PropertyRef Name=\"Date\" />\n                </Key>\n                <Property Name=\"Date\" Type=\"Edm.DateTime\" />\n                <Property Name=\"DayInWeek\" Type=\"Edm.Int32\" />\n                <Property Name=\"Day\" Type=\"Edm.Int32\" />\n                <Property Name=\"DayName\" Type=\"Edm.String\" />\n                <Property Name=\"Month\" Type=\"Edm.String\" />\n                <Property Name=\"MonthName\" Type=\"Edm.String\" />\n                <Property Name=\"MonthOfYear\" Type=\"Edm.Int32\" />\n                <Property Name=\"Quarter\" Type=\"Edm.String\" />\n                <Property Name=\"QuarterOfYear\" Type=\"Edm.Int32\" />\n                <Property Name=\"Year\" Type=\"Edm.Int32\" />\n            </EntityType>\n            <EntityType Name=\"BI-Opportunities\">\n                <Key>\n                    <PropertyRef Name=\"Opportunity\" />\n                    <PropertyRef Name=\"Employee\" />\n                    <PropertyRef Name=\"Customer\" />\n                </Key>\n                <Property Name=\"Opportunity\" Type=\"Edm.String\" />\n                <Property Name=\"Employee\" Type=\"Edm.String\" />\n                <Property Name=\"Customer\" Type=\"Edm.String\" />\n                <Property Name=\"Amount\" Type=\"Edm.Decimal\" />\n                <Property Name=\"Class\" Type=\"Edm.String\" />\n                <Property Name=\"DateCreated\" Type=\"Edm.DateTime\" />\n                <Property Name=\"Estimated\" Type=\"Edm.DateTime\" />\n                <Property Name=\"Closed\" Type=\"Edm.DateTime\" />\n                <Property Name=\"Source\" Type=\"Edm.String\" />\n                <Property Name=\"Status\" Type=\"Edm.String\" />\n                <Property Name=\"Reason\" Type=\"Edm.String\" />\n                <Property Name=\"Stage\" Type=\"Edm.String\" />\n            </EntityType>\n            <EntityType Name=\"CR-CampaignInvoices\">\n                <Key>\n                    <PropertyRef Name=\"OpportunityID\" />\n                    <PropertyRef Name=\"Type\" />\n                    <PropertyRef Name=\"ReferenceNbr\" />\n                    <PropertyRef Name=\"Customer\" />\n                    <PropertyRef Name=\"OpportunityWorkgroup\" />\n                    <PropertyRef Name=\"InvoiceBranch\" />\n                    <PropertyRef Name=\"CustomerLocationID\" />\n                    <PropertyRef Name=\"CampaignID\" />\n                </Key>\n                <Property Name=\"OpportunityID\" Type=\"Edm.String\" />\n                <Property Name=\"Type\" Type=\"Edm.String\" />\n                <Property Name=\"ReferenceNbr\" Type=\"Edm.String\" />\n                <Property Name=\"Customer\" Type=\"Edm.String\" />\n                <Property Name=\"OpportunityWorkgroup\" Type=\"Edm.String\" />\n                <Property Name=\"InvoiceBranch\" Type=\"Edm.String\" />\n                <Property Name=\"CustomerLocationID\" Type=\"Edm.String\" />\n                <Property Name=\"CampaignID\" Type=\"Edm.String\" />\n                <Property Name=\"Status\" Type=\"Edm.String\" />\n                <Property Name=\"Description\" Type=\"Edm.String\" />\n                <Property Name=\"Amount\" Type=\"Edm.Decimal\" />\n                <Property Name=\"Currency\" Type=\"Edm.String\" />\n                <Property Name=\"DocumentDate\" Type=\"Edm.DateTime\" />\n                <Property Name=\"CustomerOrder\" Type=\"Edm.String\" />\n                <Property Name=\"Status_2\" Type=\"Edm.String\" />\n                <Property Name=\"Source\" Type=\"Edm.String\" />\n                <Property Name=\"ClosingDate\" Type=\"Edm.DateTime\" />\n                <Property Name=\"Stage\" Type=\"Edm.String\" />\n                <Property Name=\"OpportunityOwnerID\" Type=\"Edm.Guid\" />\n                <Property Name=\"OpportunityOwnerName\" Type=\"Edm.String\" />\n                <Property Name=\"OpportunityWorkgroupID\" Type=\"Edm.Int32\" />\n                <Property Name=\"CustomerName\" Type=\"Edm.String\" />\n                <Property Name=\"InvoiceBranchName\" Type=\"Edm.String\" />\n                <Property Name=\"InvoiceCreatedBy\" Type=\"Edm.String\" />\n                <Property Name=\"InvoiceCreatedOn\" Type=\"Edm.DateTime\" />\n                <Property Name=\"CustomerLocationName\" Type=\"Edm.String\" />\n                <Property Name=\"OpportunityClass\" Type=\"Edm.String\" />\n                <Property Name=\"CampaignName\" Type=\"Edm.String\" />\n                <Property Name=\"CampaignClass\" Type=\"Edm.String\" />\n            </EntityType>\n            <EntityType Name=\"BI-Customers\">\n                <Key>\n                    <PropertyRef Name=\"Account\" />\n                </Key>\n                <Property Name=\"Account\" Type=\"Edm.String\" />\n                <Property Name=\"CustomerName\" Type=\"Edm.String\" />\n                <Property Name=\"Class\" Type=\"Edm.String\" />\n                <Property Name=\"Type\" Type=\"Edm.String\" />\n                <Property Name=\"Country\" Type=\"Edm.String\" />\n                <Property Name=\"State\" Type=\"Edm.String\" />\n            </EntityType>\n            <EntityType Name=\"Item Availability Data\">\n                <Key>\n                    <PropertyRef Name=\"InventoryID\" />\n                    <PropertyRef Name=\"Warehouse\" />\n                </Key>\n                <Property Name=\"InventoryID\" Type=\"Edm.String\" />\n                <Property Name=\"Warehouse\" Type=\"Edm.String\" />\n                <Property Name=\"Description\" Type=\"Edm.String\" />\n                <Property Name=\"QtyOnHand\" Type=\"Edm.Decimal\" />\n                <Property Name=\"QtyAvailable\" Type=\"Edm.Decimal\" />\n            </EntityType>\n            <EntityType Name=\"Modified Stock Items\">\n                <Key>\n                    <PropertyRef Name=\"InventoryID\" />\n                    <PropertyRef Name=\"Warehouse\" />\n                </Key>\n                <Property Name=\"InventoryID\" Type=\"Edm.String\" />\n                <Property Name=\"Warehouse\" Type=\"Edm.String\" />\n                <Property Name=\"Description\" Type=\"Edm.String\" />\n                <Property Name=\"ItemStatus\" Type=\"Edm.String\" />\n                <Property Name=\"LastModifiedOn\" Type=\"Edm.DateTime\" />\n                <Property Name=\"ItemClass\" Type=\"Edm.String\" />\n                <Property Name=\"BaseUnit\" Type=\"Edm.String\" />\n                <Property Name=\"QtyOnHand\" Type=\"Edm.Decimal\" />\n            </EntityType>\n            <EntityType Name=\"Stock Item Attachments\">\n                <Key>\n                    <PropertyRef Name=\"InventoryID\" />\n                    <PropertyRef Name=\"NoteDoc_fileID\" />\n                </Key>\n                <Property Name=\"InventoryID\" Type=\"Edm.String\" />\n                <Property Name=\"NoteDoc_fileID\" Type=\"Edm.Guid\" />\n                <Property Name=\"Description\" Type=\"Edm.String\" />\n                <Property Name=\"Name\" Type=\"Edm.String\" />\n            </EntityType>\n            <EntityType Name=\"Customer Contacts\">\n                <Key>\n                    <PropertyRef Name=\"CustomerID\" />\n                </Key>\n                <Property Name=\"CustomerID\" Type=\"Edm.String\" />\n                <Property Name=\"CustomerName\" Type=\"Edm.String\" />\n                <Property Name=\"CustomerClass\" Type=\"Edm.String\" />\n                <Property Name=\"Email\" Type=\"Edm.String\" />\n                <Property Name=\"Phone1\" Type=\"Edm.String\" />\n                <Property Name=\"City\" Type=\"Edm.String\" />\n                <Property Name=\"State\" Type=\"Edm.String\" />\n                <Property Name=\"PostalCode\" Type=\"Edm.String\" />\n                <Property Name=\"AddressLine1\" Type=\"Edm.String\" />\n                <Property Name=\"AddressLine2\" Type=\"Edm.String\" />\n            </EntityType>\n            <EntityContainer Name=\"Default\" m:IsDefaultEntityContainer=\"true\">\n                <EntitySet Name=\"BI-Employees\" EntityType=\"PX.Data.BI-Employees\" />\n                <EntitySet Name=\"CR-CampaignSalesOrders\" EntityType=\"PX.Data.CR-CampaignSalesOrders\" />\n                <EntitySet Name=\"BI-Dates\" EntityType=\"PX.Data.BI-Dates\" />\n                <EntitySet Name=\"BI-Opportunities\" EntityType=\"PX.Data.BI-Opportunities\" />\n                <EntitySet Name=\"CR-CampaignInvoices\" EntityType=\"PX.Data.CR-CampaignInvoices\" />\n                <EntitySet Name=\"BI-Customers\" EntityType=\"PX.Data.BI-Customers\" />\n                <EntitySet Name=\"Item Availability Data\" EntityType=\"PX.Data.Item Availability Data\" />\n                <EntitySet Name=\"Modified Stock Items\" EntityType=\"PX.Data.Modified Stock Items\" />\n                <EntitySet Name=\"Stock Item Attachments\" EntityType=\"PX.Data.Stock Item Attachments\" />\n                <EntitySet Name=\"Customer Contacts\" EntityType=\"PX.Data.Customer Contacts\" />\n            </EntityContainer>\n        </Schema>\n    </edmx:DataServices>\n</edmx:Edmx>"
						}
					]
				},
				{
					"name": "Lesson 3.1: Retrieving the List of Modified Stock Items",
					"request": {
						"method": "GET",
						"header": [],
						"body": {
							"mode": "raw",
							"raw": ""
						},
						"url": {
							"raw": "http://localhost/MyStoreInstance/OData/Modified%20Stock%20Items?$format=json&$filter=ItemStatus eq 'Active' and LastModifiedOn gt datetime'2018-11-12T00:00:00.000'",
							"protocol": "http",
							"host": [
								"localhost"
							],
							"path": [
								"MyStoreInstance",
								"OData",
								"Modified%20Stock%20Items"
							],
							"query": [
								{
									"key": "$format",
									"value": "json"
								},
								{
									"key": "$filter",
									"value": "ItemStatus eq 'Active' and LastModifiedOn gt datetime'2018-11-12T00:00:00.000'"
								}
							]
						}
					},
					"response": [
						{
							"name": "Example",
							"originalRequest": {
								"method": "GET",
								"header": [],
								"body": {
									"mode": "raw",
									"raw": ""
								},
								"url": {
									"raw": "http://localhost/MyStoreInstance/OData/Modified%20Stock%20Items?$format=json&$filter=ItemStatus eq 'Active' and LastModifiedOn gt datetime'2018-11-12T00:00:00.000'",
									"protocol": "http",
									"host": [
										"localhost"
									],
									"path": [
										"MyStoreInstance",
										"OData",
										"Modified%20Stock%20Items"
									],
									"query": [
										{
											"key": "$format",
											"value": "json"
										},
										{
											"key": "$filter",
											"value": "ItemStatus eq 'Active' and LastModifiedOn gt datetime'2018-11-12T00:00:00.000'"
										}
									]
								}
							},
							"status": "OK",
							"code": 200,
							"_postman_previewlanguage": "json",
							"header": [
								{
									"key": "Cache-Control",
									"value": "no-cache"
								},
								{
									"key": "Pragma",
									"value": "no-cache"
								},
								{
									"key": "Transfer-Encoding",
									"value": "chunked"
								},
								{
									"key": "Content-Type",
									"value": "application/json; charset=utf-8"
								},
								{
									"key": "Content-Encoding",
									"value": "gzip"
								},
								{
									"key": "Expires",
									"value": "-1"
								},
								{
									"key": "Server",
									"value": "Microsoft-IIS/10.0"
								},
								{
									"key": "X-Handled-By",
									"value": "Acumatica-PX.Export/AuthenticationManagerModule"
								},
								{
									"key": "Set-Cookie",
									"value": "UserBranch=82; path=/"
								},
								{
									"key": "Set-Cookie",
									"value": "LegacyUI=0; path=/"
								},
								{
									"key": "X-AspNet-Version",
									"value": "4.0.30319"
								},
								{
									"key": "X-Powered-By",
									"value": "ASP.NET"
								},
								{
									"key": "Date",
									"value": "Mon, 12 Nov 2018 11:41:19 GMT"
								}
							],
							"cookie": [],
							"body": "{\n    \"odata.metadata\": \"http://localhost/MyStoreInstance/odata/$metadata#Modified%20Stock%20Items\",\n    \"value\": [\n        {\n            \"InventoryID\": \"AALEGO500 \",\n            \"Warehouse\": \"MAIN      \",\n            \"Description\": \"Lego, 500 piece set\",\n            \"ItemStatus\": \"Active\",\n            \"LastModifiedOn\": \"2018-11-12T14:38:43.557\",\n            \"ItemClass\": \"STOCKITEM \",\n            \"BaseUnit\": \"PIECE\",\n            \"QtyOnHand\": \"2000.000000\"\n        }\n    ]\n}"
						}
					]
				}
			]
		}
	],
	"auth": {
		"type": "basic",
		"basic": [
			{
				"key": "password",
				"value": "123",
				"type": "string"
			},
			{
				"key": "username",
				"value": "admin",
				"type": "string"
			}
		]
	},
	"event": [
		{
			"listen": "prerequest",
			"script": {
				"id": "a33ec801-6765-4f51-b076-56bc7a346512",
				"type": "text/javascript",
				"exec": [
					""
				]
			}
		},
		{
			"listen": "test",
			"script": {
				"id": "c2a5fe40-89b4-4f1c-a0fe-aa85aa98e37e",
				"type": "text/javascript",
				"exec": [
					""
				]
			}
		}
	]
}