{
	"info": {
		"_postman_id": "271a529f-f6fa-49c6-b69c-2aade623c4b9",
		"name": "MyStoreIntegration_DataRetrieval",
		"schema": "https://schema.getpostman.com/json/collection/v2.1.0/collection.json"
	},
	"item": [
		{
			"name": "Part 1: Authorizing the Application to Work with the Web Service",
			"item": [
				{
					"name": "Lesson 1.2: Requesting token manually",
					"request": {
						"auth": {
							"type": "noauth"
						},
						"method": "POST",
						"header": [
							{
								"key": "Content-Type",
								"name": "Content-Type",
								"type": "text",
								"value": "application/x-www-form-urlencoded"
							}
						],
						"body": {
							"mode": "urlencoded",
							"urlencoded": [
								{
									"key": "grant_type",
									"value": "password",
									"type": "text"
								},
								{
									"key": "username",
									"value": "admin",
									"type": "text"
								},
								{
									"key": "password",
									"value": "123",
									"type": "text"
								},
								{
									"key": "scope",
									"value": "api",
									"type": "text"
								},
								{
									"key": "client_id",
									"value": "D3415443-4829-6795-0EF1-CB086B3AEE6B@MyStore",
									"type": "text"
								},
								{
									"key": "client_secret",
									"value": "0aWOXBdXZKdhDKc69hlssQ",
									"type": "text"
								}
							]
						},
						"url": {
							"raw": "https://localhost/MyStoreInstance/identity/connect/token",
							"protocol": "https",
							"host": [
								"localhost"
							],
							"path": [
								"MyStoreInstance",
								"identity",
								"connect",
								"token"
							]
						}
					},
					"response": []
				},
				{
					"name": "Lesson 1.3: Signing out from Acumatica ERP",
					"request": {
						"method": "POST",
						"header": [
							{
								"key": "Accept",
								"type": "text",
								"value": "application/json"
							},
							{
								"key": "Content-Type",
								"type": "text",
								"value": "application/json"
							}
						],
						"body": {
							"mode": "raw",
							"raw": ""
						},
						"url": {
							"raw": "http://localhost/MyStoreInstance/entity/auth/logout",
							"protocol": "http",
							"host": [
								"localhost"
							],
							"path": [
								"MyStoreInstance",
								"entity",
								"auth",
								"logout"
							]
						}
					},
					"response": []
				}
			],
			"event": [
				{
					"listen": "prerequest",
					"script": {
						"id": "f39e873f-6917-4a18-8c6a-4dad826e15ba",
						"type": "text/javascript",
						"exec": [
							""
						]
					}
				},
				{
					"listen": "test",
					"script": {
						"id": "ecbdcfc8-4028-4c2c-965f-5496e86bb9f2",
						"type": "text/javascript",
						"exec": [
							""
						]
					}
				}
			]
		},
		{
			"name": "Part 2: Performance Optimization",
			"item": [
				{
					"name": "Lesson 2.1: Retrieving the List of Sales Orders with Document Details",
					"request": {
						"method": "GET",
						"header": [
							{
								"key": "Accept",
								"type": "text",
								"value": "application/json"
							},
							{
								"key": "Content-Type",
								"type": "text",
								"value": "application/json"
							}
						],
						"body": {
							"mode": "raw",
							"raw": ""
						},
						"url": {
							"raw": "https://localhost/MyStoreInstance/entity/Default/18.200.001/SalesOrder?$select=OrderNbr,OrderType,CustomerID,CustomerOrder,Date,OrderedQty,OrderTotal,Details/InventoryID,Details/OrderQty,Details/UnitPrice&$filter=CustomerID eq 'C000000003'&$expand=Details",
							"protocol": "https",
							"host": [
								"localhost"
							],
							"path": [
								"MyStoreInstance",
								"entity",
								"Default",
								"18.200.001",
								"SalesOrder"
							],
							"query": [
								{
									"key": "$select",
									"value": "OrderNbr,OrderType,CustomerID,CustomerOrder,Date,OrderedQty,OrderTotal,Details/InventoryID,Details/OrderQty,Details/UnitPrice"
								},
								{
									"key": "$filter",
									"value": "CustomerID eq 'C000000003'"
								},
								{
									"key": "$expand",
									"value": "Details"
								}
							]
						}
					},
					"response": [
						{
							"name": "Example",
							"originalRequest": {
								"method": "GET",
								"header": [
									{
										"key": "Accept",
										"type": "text",
										"value": "application/json"
									},
									{
										"key": "Content-Type",
										"type": "text",
										"value": "application/json"
									}
								],
								"body": {
									"mode": "raw",
									"raw": ""
								},
								"url": {
									"raw": "https://localhost/MyStoreInstance/entity/Default/18.200.001/SalesOrder?$select=OrderNbr,OrderType,CustomerID,CustomerOrder,Date,OrderedQty,OrderTotal,Details/InventoryID,Details/OrderQty,Details/UnitPrice&$filter=CustomerID eq 'C000000003'&$expand=Details",
									"protocol": "https",
									"host": [
										"localhost"
									],
									"path": [
										"MyStoreInstance",
										"entity",
										"Default",
										"18.200.001",
										"SalesOrder"
									],
									"query": [
										{
											"key": "$select",
											"value": "OrderNbr,OrderType,CustomerID,CustomerOrder,Date,OrderedQty,OrderTotal,Details/InventoryID,Details/OrderQty,Details/UnitPrice"
										},
										{
											"key": "$filter",
											"value": "CustomerID eq 'C000000003'"
										},
										{
											"key": "$expand",
											"value": "Details"
										}
									]
								}
							},
							"status": "OK",
							"code": 200,
							"_postman_previewlanguage": "json",
							"header": [
								{
									"key": "Content-Type",
									"value": "application/json; charset=utf-8"
								},
								{
									"key": "Server",
									"value": "Microsoft-IIS/10.0"
								},
								{
									"key": "X-Handled-By",
									"value": "Acumatica-PX.Export/AuthenticationManagerModule"
								},
								{
									"key": "Set-Cookie",
									"value": "Locale=Culture=en-US&TimeZone=GMTM0500G; expires=Sun, 25-Nov-2018 12:56:14 GMT; path=/"
								},
								{
									"key": "Set-Cookie",
									"value": "UserBranch=73; path=/"
								},
								{
									"key": "Set-Cookie",
									"value": "LegacyUI=0; path=/"
								},
								{
									"key": "X-Powered-By",
									"value": "ASP.NET"
								},
								{
									"key": "Date",
									"value": "Thu, 22 Nov 2018 12:56:30 GMT"
								},
								{
									"key": "Content-Length",
									"value": "5819"
								}
							],
							"cookie": [],
							"body": "[\n    {\n        \"id\": \"44289e6c-4dce-4720-8cfd-9b107b9003ca\",\n        \"rowNumber\": 1,\n        \"note\": \"\",\n        \"CustomerID\": {\n            \"value\": \"C000000003\"\n        },\n        \"CustomerOrder\": {\n            \"value\": \"SO180-009-01\"\n        },\n        \"Date\": {\n            \"value\": \"2015-10-28T00:00:00+03:00\"\n        },\n        \"Details\": [\n            {\n                \"id\": \"9cf69ab1-e74e-40f6-97cc-964f46f3484e\",\n                \"rowNumber\": 1,\n                \"note\": \"\",\n                \"InventoryID\": {\n                    \"value\": \"AAMACHINE1\"\n                },\n                \"OrderQty\": {\n                    \"value\": 1\n                },\n                \"UnitPrice\": {\n                    \"value\": 2200\n                },\n                \"custom\": {},\n                \"files\": []\n            }\n        ],\n        \"OrderedQty\": {\n            \"value\": 1\n        },\n        \"OrderNbr\": {\n            \"value\": \"000001\"\n        },\n        \"OrderTotal\": {\n            \"value\": 2200\n        },\n        \"OrderType\": {\n            \"value\": \"SO\"\n        },\n        \"custom\": {},\n        \"files\": []\n    },\n    {\n        \"id\": \"4c47c7d4-d2ce-445d-a059-c4adcb1b2dc9\",\n        \"rowNumber\": 2,\n        \"note\": \"\",\n        \"CustomerID\": {\n            \"value\": \"C000000003\"\n        },\n        \"CustomerOrder\": {\n            \"value\": \"SO185-009-26\"\n        },\n        \"Date\": {\n            \"value\": \"2015-10-28T00:00:00+03:00\"\n        },\n        \"Details\": [\n            {\n                \"id\": \"f4826ef6-abc9-4bcb-8c01-dffbdcb84fcf\",\n                \"rowNumber\": 1,\n                \"note\": \"\",\n                \"InventoryID\": {\n                    \"value\": \"AALEGO500\"\n                },\n                \"OrderQty\": {\n                    \"value\": 10\n                },\n                \"UnitPrice\": {\n                    \"value\": 25\n                },\n                \"custom\": {},\n                \"files\": []\n            },\n            {\n                \"id\": \"9738b1ef-249a-4db1-a44b-276673724224\",\n                \"rowNumber\": 2,\n                \"note\": \"\",\n                \"InventoryID\": {\n                    \"value\": \"CONGRILL\"\n                },\n                \"OrderQty\": {\n                    \"value\": 1\n                },\n                \"UnitPrice\": {\n                    \"value\": 170\n                },\n                \"custom\": {},\n                \"files\": []\n            }\n        ],\n        \"OrderedQty\": {\n            \"value\": 11\n        },\n        \"OrderNbr\": {\n            \"value\": \"000004\"\n        },\n        \"OrderTotal\": {\n            \"value\": 420\n        },\n        \"OrderType\": {\n            \"value\": \"SO\"\n        },\n        \"custom\": {},\n        \"files\": []\n    },\n    {\n        \"id\": \"5d362e9c-0f14-4aac-b327-db52a6264b95\",\n        \"rowNumber\": 3,\n        \"note\": \"\",\n        \"CustomerID\": {\n            \"value\": \"C000000003\"\n        },\n        \"CustomerOrder\": {\n            \"value\": \"SO245-567-45\"\n        },\n        \"Date\": {\n            \"value\": \"2015-10-29T00:00:00+03:00\"\n        },\n        \"Details\": [\n            {\n                \"id\": \"1ef961e8-fba2-4b2b-9ca8-2f2c54be4e06\",\n                \"rowNumber\": 1,\n                \"note\": \"\",\n                \"InventoryID\": {\n                    \"value\": \"AALEGO500\"\n                },\n                \"OrderQty\": {\n                    \"value\": 1\n                },\n                \"UnitPrice\": {\n                    \"value\": 25\n                },\n                \"custom\": {},\n                \"files\": []\n            }\n        ],\n        \"OrderedQty\": {\n            \"value\": 1\n        },\n        \"OrderNbr\": {\n            \"value\": \"000005\"\n        },\n        \"OrderTotal\": {\n            \"value\": 25\n        },\n        \"OrderType\": {\n            \"value\": \"SO\"\n        },\n        \"custom\": {},\n        \"files\": []\n    },\n    {\n        \"id\": \"3536e7a8-bb65-481d-bb69-a82c67d21b95\",\n        \"rowNumber\": 4,\n        \"note\": \"\",\n        \"CustomerID\": {\n            \"value\": \"C000000003\"\n        },\n        \"CustomerOrder\": {\n            \"value\": \"SO123-455-67\"\n        },\n        \"Date\": {\n            \"value\": \"2015-10-29T00:00:00+03:00\"\n        },\n        \"Details\": [\n            {\n                \"id\": \"5deb782d-e661-4369-8bd4-3eed561e5efc\",\n                \"rowNumber\": 1,\n                \"note\": \"\",\n                \"InventoryID\": {\n                    \"value\": \"AAMACHINE1\"\n                },\n                \"OrderQty\": {\n                    \"value\": 1\n                },\n                \"UnitPrice\": {\n                    \"value\": 2200\n                },\n                \"custom\": {},\n                \"files\": []\n            }\n        ],\n        \"OrderedQty\": {\n            \"value\": 1\n        },\n        \"OrderNbr\": {\n            \"value\": \"000006\"\n        },\n        \"OrderTotal\": {\n            \"value\": 2200\n        },\n        \"OrderType\": {\n            \"value\": \"SO\"\n        },\n        \"custom\": {},\n        \"files\": []\n    },\n    {\n        \"id\": \"f0fc26b9-9220-4b31-9fe6-ecc2b39f59e2\",\n        \"rowNumber\": 5,\n        \"note\": \"\",\n        \"CustomerID\": {\n            \"value\": \"C000000003\"\n        },\n        \"CustomerOrder\": {\n            \"value\": \"SO256-783-14\"\n        },\n        \"Date\": {\n            \"value\": \"2015-10-21T00:00:00+03:00\"\n        },\n        \"Details\": [\n            {\n                \"id\": \"9b93dc3e-0dd0-4239-833d-a613b954726a\",\n                \"rowNumber\": 1,\n                \"note\": \"\",\n                \"InventoryID\": {\n                    \"value\": \"CONTABLE1\"\n                },\n                \"OrderQty\": {\n                    \"value\": 2\n                },\n                \"UnitPrice\": {\n                    \"value\": 85\n                },\n                \"custom\": {},\n                \"files\": []\n            }\n        ],\n        \"OrderedQty\": {\n            \"value\": 2\n        },\n        \"OrderNbr\": {\n            \"value\": \"000007\"\n        },\n        \"OrderTotal\": {\n            \"value\": 170\n        },\n        \"OrderType\": {\n            \"value\": \"SO\"\n        },\n        \"custom\": {},\n        \"files\": []\n    },\n    {\n        \"id\": \"dfc2b546-a03e-4bcf-ae67-85db0e3e22e7\",\n        \"rowNumber\": 6,\n        \"note\": \"\",\n        \"CustomerID\": {\n            \"value\": \"C000000003\"\n        },\n        \"CustomerOrder\": {\n            \"value\": \"SO145-689-90\"\n        },\n        \"Date\": {\n            \"value\": \"2015-10-19T00:00:00+03:00\"\n        },\n        \"Details\": [\n            {\n                \"id\": \"403db671-7141-4c1d-b50b-001955339046\",\n                \"rowNumber\": 1,\n                \"note\": \"\",\n                \"InventoryID\": {\n                    \"value\": \"CONGRILL\"\n                },\n                \"OrderQty\": {\n                    \"value\": 3\n                },\n                \"UnitPrice\": {\n                    \"value\": 170\n                },\n                \"custom\": {},\n                \"files\": []\n            },\n            {\n                \"id\": \"d4338440-24b6-4bf8-908a-acab63fbe25f\",\n                \"rowNumber\": 2,\n                \"note\": \"\",\n                \"InventoryID\": {\n                    \"value\": \"AALEGO500\"\n                },\n                \"OrderQty\": {\n                    \"value\": 1\n                },\n                \"UnitPrice\": {\n                    \"value\": 25\n                },\n                \"custom\": {},\n                \"files\": []\n            }\n        ],\n        \"OrderedQty\": {\n            \"value\": 4\n        },\n        \"OrderNbr\": {\n            \"value\": \"000008\"\n        },\n        \"OrderTotal\": {\n            \"value\": 535\n        },\n        \"OrderType\": {\n            \"value\": \"SO\"\n        },\n        \"custom\": {},\n        \"files\": []\n    },\n    {\n        \"id\": \"6cb33549-d9ca-4142-83c5-08a652dc0e32\",\n        \"rowNumber\": 7,\n        \"note\": \"\",\n        \"CustomerID\": {\n            \"value\": \"C000000003\"\n        },\n        \"CustomerOrder\": {\n            \"value\": \"SO459-123-45\"\n        },\n        \"Date\": {\n            \"value\": \"2015-10-29T00:00:00+03:00\"\n        },\n        \"Details\": [\n            {\n                \"id\": \"b7a13d68-84ee-432f-9e09-8a0d5ee9bc4b\",\n                \"rowNumber\": 1,\n                \"note\": \"\",\n                \"InventoryID\": {\n                    \"value\": \"AALEGO500\"\n                },\n                \"OrderQty\": {\n                    \"value\": 2\n                },\n                \"UnitPrice\": {\n                    \"value\": 25\n                },\n                \"custom\": {},\n                \"files\": []\n            }\n        ],\n        \"OrderedQty\": {\n            \"value\": 2\n        },\n        \"OrderNbr\": {\n            \"value\": \"000009\"\n        },\n        \"OrderTotal\": {\n            \"value\": 50\n        },\n        \"OrderType\": {\n            \"value\": \"SO\"\n        },\n        \"custom\": {},\n        \"files\": []\n    },\n    {\n        \"id\": \"780b2148-78ed-4fe8-93f5-9b19553917c0\",\n        \"rowNumber\": 8,\n        \"note\": \"\",\n        \"CustomerID\": {\n            \"value\": \"C000000003\"\n        },\n        \"CustomerOrder\": {\n            \"value\": \"SO111-222-33\"\n        },\n        \"Date\": {\n            \"value\": \"2015-10-14T00:00:00+03:00\"\n        },\n        \"Details\": [\n            {\n                \"id\": \"0115d5a3-1c9d-472c-b7c4-8bcde1777333\",\n                \"rowNumber\": 1,\n                \"note\": \"\",\n                \"InventoryID\": {\n                    \"value\": \"CONTABLE1\"\n                },\n                \"OrderQty\": {\n                    \"value\": 1\n                },\n                \"UnitPrice\": {\n                    \"value\": 85\n                },\n                \"custom\": {},\n                \"files\": []\n            },\n            {\n                \"id\": \"16fbc783-783e-4190-a560-daf78cd99a1c\",\n                \"rowNumber\": 2,\n                \"note\": \"\",\n                \"InventoryID\": {\n                    \"value\": \"AALEGO500\"\n                },\n                \"OrderQty\": {\n                    \"value\": 1\n                },\n                \"UnitPrice\": {\n                    \"value\": 25\n                },\n                \"custom\": {},\n                \"files\": []\n            },\n            {\n                \"id\": \"17b07859-21bc-4520-9973-7e4febaa0fec\",\n                \"rowNumber\": 3,\n                \"note\": \"\",\n                \"InventoryID\": {\n                    \"value\": \"AAMACHINE1\"\n                },\n                \"OrderQty\": {\n                    \"value\": 1\n                },\n                \"UnitPrice\": {\n                    \"value\": 2200\n                },\n                \"custom\": {},\n                \"files\": []\n            },\n            {\n                \"id\": \"ab5068aa-8cdf-444f-b77f-c06c7a46fcbc\",\n                \"rowNumber\": 4,\n                \"note\": \"\",\n                \"InventoryID\": {\n                    \"value\": \"CONGRILL\"\n                },\n                \"OrderQty\": {\n                    \"value\": 1\n                },\n                \"UnitPrice\": {\n                    \"value\": 170\n                },\n                \"custom\": {},\n                \"files\": []\n            }\n        ],\n        \"OrderedQty\": {\n            \"value\": 4\n        },\n        \"OrderNbr\": {\n            \"value\": \"000010\"\n        },\n        \"OrderTotal\": {\n            \"value\": 2480\n        },\n        \"OrderType\": {\n            \"value\": \"SO\"\n        },\n        \"custom\": {},\n        \"files\": []\n    },\n    {\n        \"id\": \"d555a25e-84b6-4288-b8c1-cfead80ce051\",\n        \"rowNumber\": 9,\n        \"note\": \"\",\n        \"CustomerID\": {\n            \"value\": \"C000000003\"\n        },\n        \"CustomerOrder\": {\n            \"value\": \"SO098-876-65\"\n        },\n        \"Date\": {\n            \"value\": \"2015-10-29T00:00:00+03:00\"\n        },\n        \"Details\": [\n            {\n                \"id\": \"81bb80ac-acf8-48e9-9033-858af736a342\",\n                \"rowNumber\": 1,\n                \"note\": \"\",\n                \"InventoryID\": {\n                    \"value\": \"CONGRILL\"\n                },\n                \"OrderQty\": {\n                    \"value\": 1\n                },\n                \"UnitPrice\": {\n                    \"value\": 170\n                },\n                \"custom\": {},\n                \"files\": []\n            }\n        ],\n        \"OrderedQty\": {\n            \"value\": 1\n        },\n        \"OrderNbr\": {\n            \"value\": \"000011\"\n        },\n        \"OrderTotal\": {\n            \"value\": 170\n        },\n        \"OrderType\": {\n            \"value\": \"SO\"\n        },\n        \"custom\": {},\n        \"files\": []\n    }\n]"
						}
					]
				},
				{
					"name": "Lesson 2.1: Retrieving the List of Sales Orders with Shipment Details",
					"request": {
						"method": "GET",
						"header": [
							{
								"key": "Accept",
								"type": "text",
								"value": "application/json"
							},
							{
								"key": "Content-Type",
								"type": "text",
								"value": "application/json"
							}
						],
						"body": {
							"mode": "raw",
							"raw": ""
						},
						"url": {
							"raw": "https://localhost/MyStoreInstance/entity/Default/18.200.001/SalesOrder?$select=OrderNbr,OrderType,Shipments/InvoiceNbr,Shipments/ShipmentNbr&$filter=CustomerID eq 'C000000003'&$expand=Shipments",
							"protocol": "https",
							"host": [
								"localhost"
							],
							"path": [
								"MyStoreInstance",
								"entity",
								"Default",
								"18.200.001",
								"SalesOrder"
							],
							"query": [
								{
									"key": "$select",
									"value": "OrderNbr,OrderType,Shipments/InvoiceNbr,Shipments/ShipmentNbr"
								},
								{
									"key": "$filter",
									"value": "CustomerID eq 'C000000003'"
								},
								{
									"key": "$expand",
									"value": "Shipments"
								}
							]
						}
					},
					"response": [
						{
							"name": "Example",
							"originalRequest": {
								"method": "GET",
								"header": [
									{
										"key": "Accept",
										"type": "text",
										"value": "application/json"
									},
									{
										"key": "Content-Type",
										"type": "text",
										"value": "application/json"
									}
								],
								"body": {
									"mode": "raw",
									"raw": ""
								},
								"url": {
									"raw": "https://localhost/MyStoreInstance/entity/Default/18.200.001/SalesOrder?$select=OrderNbr,OrderType,Shipments/InvoiceNbr,Shipments/ShipmentNbr&$filter=CustomerID eq 'C000000003'&$expand=Shipments",
									"protocol": "https",
									"host": [
										"localhost"
									],
									"path": [
										"MyStoreInstance",
										"entity",
										"Default",
										"18.200.001",
										"SalesOrder"
									],
									"query": [
										{
											"key": "$select",
											"value": "OrderNbr,OrderType,Shipments/InvoiceNbr,Shipments/ShipmentNbr"
										},
										{
											"key": "$filter",
											"value": "CustomerID eq 'C000000003'"
										},
										{
											"key": "$expand",
											"value": "Shipments"
										}
									]
								}
							},
							"status": "OK",
							"code": 200,
							"_postman_previewlanguage": "json",
							"header": [
								{
									"key": "Content-Type",
									"value": "application/json; charset=utf-8"
								},
								{
									"key": "Server",
									"value": "Microsoft-IIS/10.0"
								},
								{
									"key": "X-Handled-By",
									"value": "Acumatica-PX.Export/AuthenticationManagerModule"
								},
								{
									"key": "Set-Cookie",
									"value": "Locale=Culture=en-US&TimeZone=GMTM0500G; expires=Sun, 25-Nov-2018 12:57:37 GMT; path=/"
								},
								{
									"key": "Set-Cookie",
									"value": "UserBranch=73; path=/"
								},
								{
									"key": "Set-Cookie",
									"value": "LegacyUI=0; path=/"
								},
								{
									"key": "X-Powered-By",
									"value": "ASP.NET"
								},
								{
									"key": "Date",
									"value": "Thu, 22 Nov 2018 12:57:37 GMT"
								},
								{
									"key": "Content-Length",
									"value": "2797"
								}
							],
							"cookie": [],
							"body": "[\n    {\n        \"id\": \"44289e6c-4dce-4720-8cfd-9b107b9003ca\",\n        \"rowNumber\": 1,\n        \"note\": \"\",\n        \"CustomerID\": {\n            \"value\": \"C000000003\"\n        },\n        \"OrderNbr\": {\n            \"value\": \"000001\"\n        },\n        \"OrderType\": {\n            \"value\": \"SO\"\n        },\n        \"Shipments\": [\n            {\n                \"id\": \"3621136a-458e-45ab-a810-970669f3fd58\",\n                \"rowNumber\": 1,\n                \"note\": \"\",\n                \"InvoiceNbr\": {},\n                \"ShipmentNbr\": {\n                    \"value\": \"000001\"\n                },\n                \"custom\": {},\n                \"files\": []\n            }\n        ],\n        \"custom\": {},\n        \"files\": []\n    },\n    {\n        \"id\": \"4c47c7d4-d2ce-445d-a059-c4adcb1b2dc9\",\n        \"rowNumber\": 2,\n        \"note\": \"\",\n        \"CustomerID\": {\n            \"value\": \"C000000003\"\n        },\n        \"OrderNbr\": {\n            \"value\": \"000004\"\n        },\n        \"OrderType\": {\n            \"value\": \"SO\"\n        },\n        \"Shipments\": [],\n        \"custom\": {},\n        \"files\": []\n    },\n    {\n        \"id\": \"5d362e9c-0f14-4aac-b327-db52a6264b95\",\n        \"rowNumber\": 3,\n        \"note\": \"\",\n        \"CustomerID\": {\n            \"value\": \"C000000003\"\n        },\n        \"OrderNbr\": {\n            \"value\": \"000005\"\n        },\n        \"OrderType\": {\n            \"value\": \"SO\"\n        },\n        \"Shipments\": [\n            {\n                \"id\": \"db4db64e-b90c-4ad0-886c-2c3272a06be7\",\n                \"rowNumber\": 1,\n                \"note\": \"\",\n                \"InvoiceNbr\": {},\n                \"ShipmentNbr\": {\n                    \"value\": \"000002\"\n                },\n                \"custom\": {},\n                \"files\": []\n            }\n        ],\n        \"custom\": {},\n        \"files\": []\n    },\n    {\n        \"id\": \"3536e7a8-bb65-481d-bb69-a82c67d21b95\",\n        \"rowNumber\": 4,\n        \"note\": \"\",\n        \"CustomerID\": {\n            \"value\": \"C000000003\"\n        },\n        \"OrderNbr\": {\n            \"value\": \"000006\"\n        },\n        \"OrderType\": {\n            \"value\": \"SO\"\n        },\n        \"Shipments\": [],\n        \"custom\": {},\n        \"files\": []\n    },\n    {\n        \"id\": \"f0fc26b9-9220-4b31-9fe6-ecc2b39f59e2\",\n        \"rowNumber\": 5,\n        \"note\": \"\",\n        \"CustomerID\": {\n            \"value\": \"C000000003\"\n        },\n        \"OrderNbr\": {\n            \"value\": \"000007\"\n        },\n        \"OrderType\": {\n            \"value\": \"SO\"\n        },\n        \"Shipments\": [\n            {\n                \"id\": \"e51615bd-2613-4384-96f7-8f0c29a931b0\",\n                \"rowNumber\": 1,\n                \"note\": \"\",\n                \"InvoiceNbr\": {},\n                \"ShipmentNbr\": {\n                    \"value\": \"000003\"\n                },\n                \"custom\": {},\n                \"files\": []\n            }\n        ],\n        \"custom\": {},\n        \"files\": []\n    },\n    {\n        \"id\": \"dfc2b546-a03e-4bcf-ae67-85db0e3e22e7\",\n        \"rowNumber\": 6,\n        \"note\": \"\",\n        \"CustomerID\": {\n            \"value\": \"C000000003\"\n        },\n        \"OrderNbr\": {\n            \"value\": \"000008\"\n        },\n        \"OrderType\": {\n            \"value\": \"SO\"\n        },\n        \"Shipments\": [\n            {\n                \"id\": \"5fbc3800-b3a1-41a6-b3cd-4fbfe9fe40b1\",\n                \"rowNumber\": 1,\n                \"note\": \"\",\n                \"InvoiceNbr\": {},\n                \"ShipmentNbr\": {\n                    \"value\": \"000004\"\n                },\n                \"custom\": {},\n                \"files\": []\n            }\n        ],\n        \"custom\": {},\n        \"files\": []\n    },\n    {\n        \"id\": \"6cb33549-d9ca-4142-83c5-08a652dc0e32\",\n        \"rowNumber\": 7,\n        \"note\": \"\",\n        \"CustomerID\": {\n            \"value\": \"C000000003\"\n        },\n        \"OrderNbr\": {\n            \"value\": \"000009\"\n        },\n        \"OrderType\": {\n            \"value\": \"SO\"\n        },\n        \"Shipments\": [\n            {\n                \"id\": \"12a4f149-860c-4765-a9b9-b4c1643cf953\",\n                \"rowNumber\": 1,\n                \"note\": \"\",\n                \"InvoiceNbr\": {},\n                \"ShipmentNbr\": {\n                    \"value\": \"000005\"\n                },\n                \"custom\": {},\n                \"files\": []\n            }\n        ],\n        \"custom\": {},\n        \"files\": []\n    },\n    {\n        \"id\": \"780b2148-78ed-4fe8-93f5-9b19553917c0\",\n        \"rowNumber\": 8,\n        \"note\": \"\",\n        \"CustomerID\": {\n            \"value\": \"C000000003\"\n        },\n        \"OrderNbr\": {\n            \"value\": \"000010\"\n        },\n        \"OrderType\": {\n            \"value\": \"SO\"\n        },\n        \"Shipments\": [\n            {\n                \"id\": \"c0cc21c0-02a5-4bbd-861b-184aa18986fe\",\n                \"rowNumber\": 1,\n                \"note\": \"\",\n                \"InvoiceNbr\": {},\n                \"ShipmentNbr\": {\n                    \"value\": \"000006\"\n                },\n                \"custom\": {},\n                \"files\": []\n            }\n        ],\n        \"custom\": {},\n        \"files\": []\n    },\n    {\n        \"id\": \"d555a25e-84b6-4288-b8c1-cfead80ce051\",\n        \"rowNumber\": 9,\n        \"note\": \"\",\n        \"CustomerID\": {\n            \"value\": \"C000000003\"\n        },\n        \"OrderNbr\": {\n            \"value\": \"000011\"\n        },\n        \"OrderType\": {\n            \"value\": \"SO\"\n        },\n        \"Shipments\": [\n            {\n                \"id\": \"86464f86-0c2a-44bc-856e-58db61e70eec\",\n                \"rowNumber\": 1,\n                \"note\": \"\",\n                \"InvoiceNbr\": {},\n                \"ShipmentNbr\": {\n                    \"value\": \"000007\"\n                },\n                \"custom\": {},\n                \"files\": []\n            }\n        ],\n        \"custom\": {},\n        \"files\": []\n    }\n]"
						}
					]
				},
				{
					"name": "Lesson 2.2: Retrieving the List of Payments (Failed Request)",
					"request": {
						"method": "GET",
						"header": [
							{
								"key": "Accept",
								"type": "text",
								"value": "application/json"
							},
							{
								"key": "Content-Type",
								"type": "text",
								"value": "application/json"
							}
						],
						"body": {
							"mode": "raw",
							"raw": ""
						},
						"url": {
							"raw": "https://localhost/MyStoreInstance/entity/Default/18.200.001/Payment?$select=ReferenceNbr,Type,Status,ApplicationDate,ApplicationHistory/DisplayDocType,ApplicationHistory/DisplayRefNbr&$filter=Type eq 'Payment' and CustomerID eq 'C000000003'&$expand=ApplicationHistory",
							"protocol": "https",
							"host": [
								"localhost"
							],
							"path": [
								"MyStoreInstance",
								"entity",
								"Default",
								"18.200.001",
								"Payment"
							],
							"query": [
								{
									"key": "$select",
									"value": "ReferenceNbr,Type,Status,ApplicationDate,ApplicationHistory/DisplayDocType,ApplicationHistory/DisplayRefNbr"
								},
								{
									"key": "$filter",
									"value": "Type eq 'Payment' and CustomerID eq 'C000000003'"
								},
								{
									"key": "$expand",
									"value": "ApplicationHistory"
								}
							]
						}
					},
					"response": [
						{
							"name": "Example",
							"originalRequest": {
								"method": "GET",
								"header": [
									{
										"key": "Accept",
										"type": "text",
										"value": "application/json"
									},
									{
										"key": "Content-Type",
										"type": "text",
										"value": "application/json"
									}
								],
								"body": {
									"mode": "raw",
									"raw": ""
								},
								"url": {
									"raw": "https://localhost/MyStoreInstance/entity/Default/18.200.001/Payment?$select=ReferenceNbr,Type,Status,ApplicationDate,ApplicationHistory/DisplayDocType,ApplicationHistory/DisplayRefNbr&$filter=Type eq 'Payment' and CustomerID eq 'C000000003'&$expand=ApplicationHistory",
									"protocol": "https",
									"host": [
										"localhost"
									],
									"path": [
										"MyStoreInstance",
										"entity",
										"Default",
										"18.200.001",
										"Payment"
									],
									"query": [
										{
											"key": "$select",
											"value": "ReferenceNbr,Type,Status,ApplicationDate,ApplicationHistory/DisplayDocType,ApplicationHistory/DisplayRefNbr"
										},
										{
											"key": "$filter",
											"value": "Type eq 'Payment' and CustomerID eq 'C000000003'"
										},
										{
											"key": "$expand",
											"value": "ApplicationHistory"
										}
									]
								}
							},
							"status": "Internal Server Error",
							"code": 500,
							"_postman_previewlanguage": "json",
							"header": [
								{
									"key": "Content-Type",
									"value": "application/json; charset=utf-8"
								},
								{
									"key": "Server",
									"value": "Microsoft-IIS/10.0"
								},
								{
									"key": "X-Handled-By",
									"value": "Acumatica-PX.Export/AuthenticationManagerModule"
								},
								{
									"key": "Set-Cookie",
									"value": "Locale=Culture=en-US&TimeZone=GMTM0500G; expires=Sun, 25-Nov-2018 12:58:02 GMT; path=/"
								},
								{
									"key": "Set-Cookie",
									"value": "UserBranch=73; path=/"
								},
								{
									"key": "Set-Cookie",
									"value": "LegacyUI=0; path=/"
								},
								{
									"key": "X-Powered-By",
									"value": "ASP.NET"
								},
								{
									"key": "Date",
									"value": "Thu, 22 Nov 2018 12:58:04 GMT"
								},
								{
									"key": "Content-Length",
									"value": "4386"
								}
							],
							"cookie": [],
							"body": "{\n    \"message\": \"An error has occurred.\",\n    \"exceptionMessage\": \"Optimization cannot be performed.The following fields cause the error:\\r\\nApplicationHistory.DisplayDocType: View Adjustments_History has BQL delegate\\r\\nApplicationHistory.DisplayRefNbr: View Adjustments_History has BQL delegate\\r\\nApplicationDate: Field ApplicationDate is marked as non-optimizable\\r\\n\",\n    \"exceptionType\": \"PX.Api.ContractBased.OptimizedExport.CannotOptimizeException\",\n    \"stackTrace\": \"   at PX.Api.ContractBased.OptimizedExport.NotWorkingOptimizedExportProvider.get_CanOptimize()\\r\\n   at PX.Api.ContractBased.EntityService.GetList(ISystemContract systemContract, String version, String name, EntityImpl entity, CbOperationContext operationContext, Boolean ignoreValueFields, PXGraph graph)\\r\\n   at PX.Api.ContractBased.Soap.SoapFacadeBase.GetListImpl(Entity entity)\\r\\n   at PX.Api.ContractBased.SystemContracts.V2.RestController.GetList(String objectName, String select, String filter, String expand, String custom, Nullable`1 skip, Nullable`1 top)\\r\\n   at lambda_method(Closure , Object , Object[] )\\r\\n   at System.Web.Http.Controllers.ReflectedHttpActionDescriptor.ActionExecutor.<>c__DisplayClass10.<GetExecutor>b__9(Object instance, Object[] methodParameters)\\r\\n   at System.Web.Http.Controllers.ReflectedHttpActionDescriptor.ExecuteAsync(HttpControllerContext controllerContext, IDictionary`2 arguments, CancellationToken cancellationToken)\\r\\n--- End of stack trace from previous location where exception was thrown ---\\r\\n   at System.Runtime.ExceptionServices.ExceptionDispatchInfo.Throw()\\r\\n   at System.Runtime.CompilerServices.TaskAwaiter.HandleNonSuccessAndDebuggerNotification(Task task)\\r\\n   at System.Web.Http.Controllers.ApiControllerActionInvoker.<InvokeActionAsyncCore>d__0.MoveNext()\\r\\n--- End of stack trace from previous location where exception was thrown ---\\r\\n   at System.Runtime.ExceptionServices.ExceptionDispatchInfo.Throw()\\r\\n   at System.Runtime.CompilerServices.TaskAwaiter.HandleNonSuccessAndDebuggerNotification(Task task)\\r\\n   at System.Web.Http.Filters.ActionFilterAttribute.<CallOnActionExecutedAsync>d__5.MoveNext()\\r\\n--- End of stack trace from previous location where exception was thrown ---\\r\\n   at System.Runtime.ExceptionServices.ExceptionDispatchInfo.Throw()\\r\\n   at System.Web.Http.Filters.ActionFilterAttribute.<CallOnActionExecutedAsync>d__5.MoveNext()\\r\\n--- End of stack trace from previous location where exception was thrown ---\\r\\n   at System.Runtime.ExceptionServices.ExceptionDispatchInfo.Throw()\\r\\n   at System.Runtime.CompilerServices.TaskAwaiter.HandleNonSuccessAndDebuggerNotification(Task task)\\r\\n   at System.Web.Http.Filters.ActionFilterAttribute.<ExecuteActionFilterAsyncCore>d__0.MoveNext()\\r\\n--- End of stack trace from previous location where exception was thrown ---\\r\\n   at System.Runtime.ExceptionServices.ExceptionDispatchInfo.Throw()\\r\\n   at System.Runtime.CompilerServices.TaskAwaiter.HandleNonSuccessAndDebuggerNotification(Task task)\\r\\n   at System.Web.Http.Controllers.ActionFilterResult.<ExecuteAsync>d__2.MoveNext()\\r\\n--- End of stack trace from previous location where exception was thrown ---\\r\\n   at System.Runtime.ExceptionServices.ExceptionDispatchInfo.Throw()\\r\\n   at System.Runtime.CompilerServices.TaskAwaiter.HandleNonSuccessAndDebuggerNotification(Task task)\\r\\n   at System.Web.Http.Filters.AuthorizationFilterAttribute.<ExecuteAuthorizationFilterAsyncCore>d__2.MoveNext()\\r\\n--- End of stack trace from previous location where exception was thrown ---\\r\\n   at System.Runtime.ExceptionServices.ExceptionDispatchInfo.Throw()\\r\\n   at System.Runtime.CompilerServices.TaskAwaiter.HandleNonSuccessAndDebuggerNotification(Task task)\\r\\n   at System.Web.Http.Controllers.ExceptionFilterResult.<ExecuteAsync>d__0.MoveNext()\\r\\n--- End of stack trace from previous location where exception was thrown ---\\r\\n   at System.Runtime.ExceptionServices.ExceptionDispatchInfo.Throw()\\r\\n   at System.Web.Http.Controllers.ExceptionFilterResult.<ExecuteAsync>d__0.MoveNext()\\r\\n--- End of stack trace from previous location where exception was thrown ---\\r\\n   at System.Runtime.ExceptionServices.ExceptionDispatchInfo.Throw()\\r\\n   at System.Runtime.CompilerServices.TaskAwaiter.HandleNonSuccessAndDebuggerNotification(Task task)\\r\\n   at System.Web.Http.Dispatcher.HttpControllerDispatcher.<SendAsync>d__1.MoveNext()\"\n}"
						}
					]
				},
				{
					"name": "Lesson 2.2: Retrieving the List of Key Fields of Payments",
					"request": {
						"method": "GET",
						"header": [
							{
								"key": "Accept",
								"type": "text",
								"value": "application/json"
							},
							{
								"key": "Content-Type",
								"type": "text",
								"value": "application/json"
							}
						],
						"body": {
							"mode": "raw",
							"raw": ""
						},
						"url": {
							"raw": "https://localhost/MyStoreInstance/entity/Default/18.200.001/Payment?$select=ReferenceNbr,Type&$filter=Type eq 'Payment' and CustomerID eq 'C000000003'",
							"protocol": "https",
							"host": [
								"localhost"
							],
							"path": [
								"MyStoreInstance",
								"entity",
								"Default",
								"18.200.001",
								"Payment"
							],
							"query": [
								{
									"key": "$select",
									"value": "ReferenceNbr,Type"
								},
								{
									"key": "$filter",
									"value": "Type eq 'Payment' and CustomerID eq 'C000000003'"
								}
							]
						}
					},
					"response": [
						{
							"name": "Example",
							"originalRequest": {
								"method": "GET",
								"header": [
									{
										"key": "Accept",
										"type": "text",
										"value": "application/json"
									},
									{
										"key": "Content-Type",
										"type": "text",
										"value": "application/json"
									}
								],
								"body": {
									"mode": "raw",
									"raw": ""
								},
								"url": {
									"raw": "https://localhost/MyStoreInstance/entity/Default/18.200.001/Payment?$select=ReferenceNbr,Type&$filter=Type eq 'Payment' and CustomerID eq 'C000000003'",
									"protocol": "https",
									"host": [
										"localhost"
									],
									"path": [
										"MyStoreInstance",
										"entity",
										"Default",
										"18.200.001",
										"Payment"
									],
									"query": [
										{
											"key": "$select",
											"value": "ReferenceNbr,Type"
										},
										{
											"key": "$filter",
											"value": "Type eq 'Payment' and CustomerID eq 'C000000003'"
										}
									]
								}
							},
							"status": "OK",
							"code": 200,
							"_postman_previewlanguage": "json",
							"header": [
								{
									"key": "Content-Type",
									"value": "application/json; charset=utf-8"
								},
								{
									"key": "Server",
									"value": "Microsoft-IIS/10.0"
								},
								{
									"key": "X-Handled-By",
									"value": "Acumatica-PX.Export/AuthenticationManagerModule"
								},
								{
									"key": "Set-Cookie",
									"value": "Locale=Culture=en-US&TimeZone=GMTM0500G; expires=Sun, 25-Nov-2018 12:19:58 GMT; path=/"
								},
								{
									"key": "Set-Cookie",
									"value": "UserBranch=82; path=/"
								},
								{
									"key": "Set-Cookie",
									"value": "LegacyUI=0; path=/"
								},
								{
									"key": "X-Powered-By",
									"value": "ASP.NET"
								},
								{
									"key": "Date",
									"value": "Thu, 22 Nov 2018 12:19:58 GMT"
								},
								{
									"key": "Content-Length",
									"value": "191"
								}
							],
							"cookie": [],
							"body": "[\n    {\n        \"id\": \"8725e6e1-ce0d-4fb7-93a0-6cf64376071d\",\n        \"rowNumber\": 1,\n        \"note\": \"\",\n        \"CustomerID\": {\n            \"value\": \"C000000003\"\n        },\n        \"ReferenceNbr\": {\n            \"value\": \"000001\"\n        },\n        \"Type\": {\n            \"value\": \"Payment\"\n        },\n        \"custom\": {},\n        \"files\": []\n    }\n]"
						}
					]
				},
				{
					"name": "Lesson 2.2: Retrieving Payments by Key Fields",
					"request": {
						"method": "GET",
						"header": [
							{
								"key": "Accept",
								"type": "text",
								"value": "application/json"
							},
							{
								"key": "Content-Type",
								"type": "text",
								"value": "application/json"
							}
						],
						"body": {
							"mode": "raw",
							"raw": ""
						},
						"url": {
							"raw": "https://localhost/MyStoreInstance/entity/Default/18.200.001/Payment/Payment/000001?$select=ReferenceNbr,Type,Status,ApplicationDate,ApplicationHistory/DisplayDocType,ApplicationHistory/DisplayRefNbr&$expand=ApplicationHistory",
							"protocol": "https",
							"host": [
								"localhost"
							],
							"path": [
								"MyStoreInstance",
								"entity",
								"Default",
								"18.200.001",
								"Payment",
								"Payment",
								"000001"
							],
							"query": [
								{
									"key": "$select",
									"value": "ReferenceNbr,Type,Status,ApplicationDate,ApplicationHistory/DisplayDocType,ApplicationHistory/DisplayRefNbr"
								},
								{
									"key": "$expand",
									"value": "ApplicationHistory"
								}
							]
						}
					},
					"response": [
						{
							"name": "Example",
							"originalRequest": {
								"method": "GET",
								"header": [
									{
										"key": "Accept",
										"type": "text",
										"value": "application/json"
									},
									{
										"key": "Content-Type",
										"type": "text",
										"value": "application/json"
									}
								],
								"body": {
									"mode": "raw",
									"raw": ""
								},
								"url": {
									"raw": "https://localhost/MyStoreInstance/entity/Default/18.200.001/Payment/Payment/000001?$select=ReferenceNbr,Type,Status,ApplicationDate,ApplicationHistory/DisplayDocType,ApplicationHistory/DisplayRefNbr&$expand=ApplicationHistory",
									"protocol": "https",
									"host": [
										"localhost"
									],
									"path": [
										"MyStoreInstance",
										"entity",
										"Default",
										"18.200.001",
										"Payment",
										"Payment",
										"000001"
									],
									"query": [
										{
											"key": "$select",
											"value": "ReferenceNbr,Type,Status,ApplicationDate,ApplicationHistory/DisplayDocType,ApplicationHistory/DisplayRefNbr"
										},
										{
											"key": "$expand",
											"value": "ApplicationHistory"
										}
									]
								}
							},
							"status": "OK",
							"code": 200,
							"_postman_previewlanguage": "json",
							"header": [
								{
									"key": "Content-Type",
									"value": "application/json; charset=utf-8"
								},
								{
									"key": "Server",
									"value": "Microsoft-IIS/10.0"
								},
								{
									"key": "X-Handled-By",
									"value": "Acumatica-PX.Export/AuthenticationManagerModule"
								},
								{
									"key": "Set-Cookie",
									"value": "Locale=Culture=en-US&TimeZone=GMTM0500G; expires=Sun, 25-Nov-2018 12:20:55 GMT; path=/"
								},
								{
									"key": "Set-Cookie",
									"value": "UserBranch=82; path=/"
								},
								{
									"key": "Set-Cookie",
									"value": "LegacyUI=0; path=/"
								},
								{
									"key": "X-Powered-By",
									"value": "ASP.NET"
								},
								{
									"key": "Date",
									"value": "Thu, 22 Nov 2018 12:20:57 GMT"
								},
								{
									"key": "Content-Length",
									"value": "263"
								}
							],
							"cookie": [],
							"body": "{\n    \"id\": \"8725e6e1-ce0d-4fb7-93a0-6cf64376071d\",\n    \"rowNumber\": 1,\n    \"note\": \"\",\n    \"ApplicationDate\": {\n        \"value\": \"2018-11-22T00:00:00+03:00\"\n    },\n    \"ApplicationHistory\": [],\n    \"ReferenceNbr\": {\n        \"value\": \"000001\"\n    },\n    \"Status\": {\n        \"value\": \"Balanced\"\n    },\n    \"Type\": {\n        \"value\": \"Payment\"\n    },\n    \"custom\": {},\n    \"files\": []\n}"
						}
					]
				}
			],
			"event": [
				{
					"listen": "prerequest",
					"script": {
						"id": "7c515481-c794-487b-b52b-b051d962189e",
						"type": "text/javascript",
						"exec": [
							""
						]
					}
				},
				{
					"listen": "test",
					"script": {
						"id": "b110d005-d913-4b61-93f8-9b330312f2ff",
						"type": "text/javascript",
						"exec": [
							""
						]
					}
				}
			]
		},
		{
			"name": "Part 3: Retrieval of Attachments",
			"item": [
				{
					"name": "Lesson 3.1: Retrieving the Stock Item",
					"request": {
						"method": "GET",
						"header": [
							{
								"key": "Accept",
								"type": "text",
								"value": "application/json"
							},
							{
								"key": "Content-Type",
								"type": "text",
								"value": "application/json"
							}
						],
						"body": {
							"mode": "raw",
							"raw": ""
						},
						"url": {
							"raw": "https://localhost/MyStoreInstance/entity/Default/18.200.001/StockItem/AAMACHINE1?$select=InventoryID",
							"protocol": "https",
							"host": [
								"localhost"
							],
							"path": [
								"MyStoreInstance",
								"entity",
								"Default",
								"18.200.001",
								"StockItem",
								"AAMACHINE1"
							],
							"query": [
								{
									"key": "$select",
									"value": "InventoryID"
								}
							]
						}
					},
					"response": [
						{
							"name": "Example",
							"originalRequest": {
								"method": "GET",
								"header": [
									{
										"key": "Accept",
										"type": "text",
										"value": "application/json"
									},
									{
										"key": "Content-Type",
										"type": "text",
										"value": "application/json"
									}
								],
								"body": {
									"mode": "raw",
									"raw": ""
								},
								"url": {
									"raw": "https://localhost/MyStoreInstance/entity/Default/18.200.001/StockItem/AAMACHINE1?$select=InventoryID",
									"protocol": "https",
									"host": [
										"localhost"
									],
									"path": [
										"MyStoreInstance",
										"entity",
										"Default",
										"18.200.001",
										"StockItem",
										"AAMACHINE1"
									],
									"query": [
										{
											"key": "$select",
											"value": "InventoryID"
										}
									]
								}
							},
							"status": "OK",
							"code": 200,
							"_postman_previewlanguage": "json",
							"header": [
								{
									"key": "Content-Type",
									"value": "application/json; charset=utf-8"
								},
								{
									"key": "Server",
									"value": "Microsoft-IIS/10.0"
								},
								{
									"key": "X-Handled-By",
									"value": "Acumatica-PX.Export/AuthenticationManagerModule"
								},
								{
									"key": "Set-Cookie",
									"value": "Locale=Culture=en-US&TimeZone=GMTM0500G; expires=Sun, 25-Nov-2018 12:24:40 GMT; path=/"
								},
								{
									"key": "Set-Cookie",
									"value": "UserBranch=82; path=/"
								},
								{
									"key": "Set-Cookie",
									"value": "LegacyUI=0; path=/"
								},
								{
									"key": "X-Powered-By",
									"value": "ASP.NET"
								},
								{
									"key": "Date",
									"value": "Thu, 22 Nov 2018 12:24:45 GMT"
								},
								{
									"key": "Content-Length",
									"value": "322"
								}
							],
							"cookie": [],
							"body": "{\n    \"id\": \"2537440a-52c5-4c79-9382-5a78ec581f1e\",\n    \"rowNumber\": 1,\n    \"note\": \"\",\n    \"InventoryID\": {\n        \"value\": \"AAMACHINE1\"\n    },\n    \"custom\": {},\n    \"files\": [\n        {\n            \"id\": \"9be45eb7-f97d-400b-96a5-1c4cf82faa96\",\n            \"filename\": \"Stock Items (AAMACHINE1)\\\\T2MCRO.jpg\",\n            \"href\": \"/MyStoreInstance/entity/Default/18.200.001/files/9be45eb7-f97d-400b-96a5-1c4cf82faa96\"\n        }\n    ]\n}"
						}
					]
				},
				{
					"name": "Lesson 3.1: Retrieving the File",
					"request": {
						"method": "GET",
						"header": [
							{
								"key": "Accept",
								"type": "text",
								"value": "application/json"
							},
							{
								"key": "Content-Type",
								"type": "text",
								"value": "application/json"
							}
						],
						"body": {
							"mode": "raw",
							"raw": ""
						},
						"url": {
							"raw": "https://localhost/MyStoreInstance/entity/Default/18.200.001/files/9be45eb7-f97d-400b-96a5-1c4cf82faa96",
							"protocol": "https",
							"host": [
								"localhost"
							],
							"path": [
								"MyStoreInstance",
								"entity",
								"Default",
								"18.200.001",
								"files",
								"9be45eb7-f97d-400b-96a5-1c4cf82faa96"
							]
						}
					},
					"response": []
				}
			]
		}
	],
	"auth": {
		"type": "oauth2",
		"oauth2": [
			{
				"key": "accessToken",
				"value": "5255a9ddf0a2b0874a7aa63dad86ebef",
				"type": "string"
			},
			{
				"key": "tokenType",
				"value": "Bearer",
				"type": "string"
			},
			{
				"key": "addTokenTo",
				"value": "header",
				"type": "string"
			}
		]
	},
	"event": [
		{
			"listen": "prerequest",
			"script": {
				"id": "39a33502-fd84-4feb-8381-53472ea757b4",
				"type": "text/javascript",
				"exec": [
					""
				]
			}
		},
		{
			"listen": "test",
			"script": {
				"id": "9886f786-7252-493a-b831-4c023da2ea14",
				"type": "text/javascript",
				"exec": [
					""
				]
			}
		}
	]
}