{
	"info": {
		"_postman_id": "278513d2-3f65-49c0-afe4-364b86d7e5b8",
		"name": "MyStoreIntegration_DataManipulation",
		"schema": "https://schema.getpostman.com/json/collection/v2.1.0/collection.json"
	},
	"item": [
		{
			"name": "Prerequisites",
			"item": [
				{
					"name": "Lesson 1.3: Signing out from Acumatica ERP",
					"request": {
						"method": "POST",
						"header": [
							{
								"key": "Accept",
								"type": "text",
								"value": "application/json"
							},
							{
								"key": "Content-Type",
								"type": "text",
								"value": "application/json"
							}
						],
						"body": {
							"mode": "raw",
							"raw": ""
						},
						"url": {
							"raw": "http://localhost/MyStoreInstance/entity/auth/logout",
							"protocol": "http",
							"host": [
								"localhost"
							],
							"path": [
								"MyStoreInstance",
								"entity",
								"auth",
								"logout"
							]
						}
					},
					"response": []
				}
			],
			"event": [
				{
					"listen": "prerequest",
					"script": {
						"id": "f39e873f-6917-4a18-8c6a-4dad826e15ba",
						"type": "text/javascript",
						"exec": [
							""
						]
					}
				},
				{
					"listen": "test",
					"script": {
						"id": "ecbdcfc8-4028-4c2c-965f-5496e86bb9f2",
						"type": "text/javascript",
						"exec": [
							""
						]
					}
				}
			]
		},
		{
			"name": "Part 1: Creation of Records",
			"item": [
				{
					"name": "Lesson 1.1: Retrieving the First Sales Order to Be Shipped",
					"request": {
						"method": "GET",
						"header": [
							{
								"key": "Accept",
								"type": "text",
								"value": "application/json"
							},
							{
								"key": "Content-Type",
								"type": "text",
								"value": "application/json"
							}
						],
						"body": {
							"mode": "raw",
							"raw": ""
						},
						"url": {
							"raw": "https://localhost/MyStoreInstance/entity/Default/18.200.001/SalesOrder/SO/000004?$expand=Details&$select=OrderNbr,OrderType,Details/InventoryID,Details/WarehouseID",
							"protocol": "https",
							"host": [
								"localhost"
							],
							"path": [
								"MyStoreInstance",
								"entity",
								"Default",
								"18.200.001",
								"SalesOrder",
								"SO",
								"000004"
							],
							"query": [
								{
									"key": "$expand",
									"value": "Details"
								},
								{
									"key": "$select",
									"value": "OrderNbr,OrderType,Details/InventoryID,Details/WarehouseID"
								}
							]
						}
					},
					"response": [
						{
							"name": "Example",
							"originalRequest": {
								"method": "GET",
								"header": [
									{
										"key": "Accept",
										"value": "application/json",
										"type": "text"
									},
									{
										"key": "Content-Type",
										"value": "application/json",
										"type": "text"
									}
								],
								"body": {
									"mode": "raw",
									"raw": ""
								},
								"url": {
									"raw": "https://localhost/MyStoreInstance/entity/Default/18.200.001/SalesOrder/SO/000004?$expand=Details&$select=OrderNbr,OrderType,Details/InventoryID,Details/WarehouseID",
									"protocol": "https",
									"host": [
										"localhost"
									],
									"path": [
										"MyStoreInstance",
										"entity",
										"Default",
										"18.200.001",
										"SalesOrder",
										"SO",
										"000004"
									],
									"query": [
										{
											"key": "$expand",
											"value": "Details"
										},
										{
											"key": "$select",
											"value": "OrderNbr,OrderType,Details/InventoryID,Details/WarehouseID"
										}
									]
								}
							},
							"status": "OK",
							"code": 200,
							"_postman_previewlanguage": "json",
							"header": [
								{
									"key": "Content-Type",
									"value": "application/json; charset=utf-8"
								},
								{
									"key": "Server",
									"value": "Microsoft-IIS/10.0"
								},
								{
									"key": "X-Handled-By",
									"value": "Acumatica-PX.Export/AuthenticationManagerModule"
								},
								{
									"key": "Set-Cookie",
									"value": "Locale=Culture=en-US&TimeZone=GMTM0500G; expires=Fri, 14-Dec-2018 14:28:24 GMT; path=/"
								},
								{
									"key": "Set-Cookie",
									"value": "UserBranch=73; path=/"
								},
								{
									"key": "Set-Cookie",
									"value": "LegacyUI=0; path=/"
								},
								{
									"key": "X-Powered-By",
									"value": "ASP.NET"
								},
								{
									"key": "Date",
									"value": "Tue, 11 Dec 2018 14:28:29 GMT"
								},
								{
									"key": "Content-Length",
									"value": "480"
								}
							],
							"cookie": [],
							"body": "{\n    \"id\": \"f651484f-f327-4f66-be90-e9abfe5013b7\",\n    \"rowNumber\": 1,\n    \"note\": \"\",\n    \"Details\": [\n        {\n            \"id\": \"4dde196e-ca05-4e20-b6dd-1c3ab778ebf1\",\n            \"rowNumber\": 1,\n            \"note\": \"\",\n            \"InventoryID\": {\n                \"value\": \"AALEGO500\"\n            },\n            \"WarehouseID\": {\n                \"value\": \"MAIN\"\n            },\n            \"custom\": {},\n            \"files\": []\n        },\n        {\n            \"id\": \"84e0b26b-4cf0-4e45-ace7-53240d99c585\",\n            \"rowNumber\": 2,\n            \"note\": \"\",\n            \"InventoryID\": {\n                \"value\": \"CONGRILL\"\n            },\n            \"WarehouseID\": {\n                \"value\": \"MAIN\"\n            },\n            \"custom\": {},\n            \"files\": []\n        }\n    ],\n    \"OrderNbr\": {\n        \"value\": \"000004\"\n    },\n    \"OrderType\": {\n        \"value\": \"SO\"\n    },\n    \"custom\": {},\n    \"files\": []\n}"
						}
					]
				},
				{
					"name": "Lesson 1.1: Retrieving the Second Sales Order to Be Shipped",
					"request": {
						"method": "GET",
						"header": [],
						"body": {
							"mode": "raw",
							"raw": ""
						},
						"url": {
							"raw": "https://localhost/MyStoreInstance/entity/Default/18.200.001/SalesOrder/SO/000006?$expand=Details&$select=OrderNbr,OrderType,Details/InventoryID,Details/WarehouseID",
							"protocol": "https",
							"host": [
								"localhost"
							],
							"path": [
								"MyStoreInstance",
								"entity",
								"Default",
								"18.200.001",
								"SalesOrder",
								"SO",
								"000006"
							],
							"query": [
								{
									"key": "$expand",
									"value": "Details"
								},
								{
									"key": "$select",
									"value": "OrderNbr,OrderType,Details/InventoryID,Details/WarehouseID"
								}
							]
						}
					},
					"response": [
						{
							"name": "Example",
							"originalRequest": {
								"method": "GET",
								"header": [],
								"body": {
									"mode": "raw",
									"raw": ""
								},
								"url": {
									"raw": "https://localhost/MyStoreInstance/entity/Default/18.200.001/SalesOrder/SO/000006?$expand=Details&$select=OrderNbr,OrderType,Details/InventoryID,Details/WarehouseID",
									"protocol": "https",
									"host": [
										"localhost"
									],
									"path": [
										"MyStoreInstance",
										"entity",
										"Default",
										"18.200.001",
										"SalesOrder",
										"SO",
										"000006"
									],
									"query": [
										{
											"key": "$expand",
											"value": "Details"
										},
										{
											"key": "$select",
											"value": "OrderNbr,OrderType,Details/InventoryID,Details/WarehouseID"
										}
									]
								}
							},
							"status": "OK",
							"code": 200,
							"_postman_previewlanguage": "json",
							"header": [
								{
									"key": "Content-Type",
									"value": "application/json; charset=utf-8"
								},
								{
									"key": "Server",
									"value": "Microsoft-IIS/10.0"
								},
								{
									"key": "X-Handled-By",
									"value": "Acumatica-PX.Export/AuthenticationManagerModule"
								},
								{
									"key": "Set-Cookie",
									"value": "Locale=Culture=en-US&TimeZone=GMTM0500G; expires=Fri, 14-Dec-2018 14:29:19 GMT; path=/"
								},
								{
									"key": "Set-Cookie",
									"value": "UserBranch=73; path=/"
								},
								{
									"key": "Set-Cookie",
									"value": "LegacyUI=0; path=/"
								},
								{
									"key": "X-Powered-By",
									"value": "ASP.NET"
								},
								{
									"key": "Date",
									"value": "Tue, 11 Dec 2018 14:29:19 GMT"
								},
								{
									"key": "Content-Length",
									"value": "322"
								}
							],
							"cookie": [],
							"body": "{\n    \"id\": \"6d0c0e9b-63f7-4aad-9263-27f17e8cb6c0\",\n    \"rowNumber\": 1,\n    \"note\": \"\",\n    \"Details\": [\n        {\n            \"id\": \"6c6b46fa-6536-456f-aa74-ef820fa4f795\",\n            \"rowNumber\": 1,\n            \"note\": \"\",\n            \"InventoryID\": {\n                \"value\": \"AAMACHINE1\"\n            },\n            \"WarehouseID\": {\n                \"value\": \"MAIN\"\n            },\n            \"custom\": {},\n            \"files\": []\n        }\n    ],\n    \"OrderNbr\": {\n        \"value\": \"000006\"\n    },\n    \"OrderType\": {\n        \"value\": \"SO\"\n    },\n    \"custom\": {},\n    \"files\": []\n}"
						}
					]
				},
				{
					"name": "Lesson 1.1: Creating a Shipment",
					"request": {
						"method": "PUT",
						"header": [
							{
								"key": "Accept",
								"type": "text",
								"value": "application/json"
							},
							{
								"key": "Content-Type",
								"type": "text",
								"value": "application/json"
							}
						],
						"body": {
							"mode": "raw",
							"raw": "{\n\t\"Type\":{\"value\":\"Shipment\"},\n\t\"CustomerID\":{\"value\":\"C000000003\"},\n\t\"WarehouseID\":{\"value\":\"MAIN\"},\n\t\"Details\":[\n\t\t{\n\t\t\t\"OrderType\":{\"value\":\"SO\"},\n\t\t\t\"OrderNbr\":{\"value\":\"000004\"},\n\t\t\t\"InventoryID\":{\"value\":\"AALEGO500\"},\n\t\t\t\"WarehouseID\":{\"value\":\"MAIN\"},\n\t\t},\n\t\t{\n\t\t\t\"OrderType\":{\"value\":\"SO\"},\n\t\t\t\"OrderNbr\":{\"value\":\"000004\"},\n\t\t\t\"InventoryID\":{\"value\":\"CONGRILL\"},\n\t\t\t\"WarehouseID\":{\"value\":\"MAIN\"},\n\t\t},\n\t\t{\n\t\t\t\"OrderType\":{\"value\":\"SO\"},\n\t\t\t\"OrderNbr\":{\"value\":\"000006\"},\n\t\t\t\"InventoryID\":{\"value\":\"AAMACHINE1\"},\n\t\t\t\"WarehouseID\":{\"value\":\"MAIN\"},\n\t\t},\n\t]\n}"
						},
						"url": {
							"raw": "https://localhost/MyStoreInstance/entity/Default/18.200.001/Shipment?$select=Type,ShipmentNbr,Status,Details/InventoryID&$expand=Details",
							"protocol": "https",
							"host": [
								"localhost"
							],
							"path": [
								"MyStoreInstance",
								"entity",
								"Default",
								"18.200.001",
								"Shipment"
							],
							"query": [
								{
									"key": "$select",
									"value": "Type,ShipmentNbr,Status,Details/InventoryID"
								},
								{
									"key": "$expand",
									"value": "Details"
								}
							]
						}
					},
					"response": [
						{
							"name": "Example",
							"originalRequest": {
								"method": "PUT",
								"header": [
									{
										"key": "Accept",
										"type": "text",
										"value": "application/json"
									},
									{
										"key": "Content-Type",
										"type": "text",
										"value": "application/json"
									}
								],
								"body": {
									"mode": "raw",
									"raw": "{\n\t\"Type\":{\"value\":\"Shipment\"},\n\t\"CustomerID\":{\"value\":\"C000000003\"},\n\t\"WarehouseID\":{\"value\":\"MAIN\"},\n\t\"Details\":[\n\t\t{\n\t\t\t\"OrderType\":{\"value\":\"SO\"},\n\t\t\t\"OrderNbr\":{\"value\":\"000004\"},\n\t\t\t\"InventoryID\":{\"value\":\"AALEGO500\"},\n\t\t\t\"WarehouseID\":{\"value\":\"MAIN\"},\n\t\t},\n\t\t{\n\t\t\t\"OrderType\":{\"value\":\"SO\"},\n\t\t\t\"OrderNbr\":{\"value\":\"000004\"},\n\t\t\t\"InventoryID\":{\"value\":\"CONGRILL\"},\n\t\t\t\"WarehouseID\":{\"value\":\"MAIN\"},\n\t\t},\n\t\t{\n\t\t\t\"OrderType\":{\"value\":\"SO\"},\n\t\t\t\"OrderNbr\":{\"value\":\"000006\"},\n\t\t\t\"InventoryID\":{\"value\":\"AAMACHINE1\"},\n\t\t\t\"WarehouseID\":{\"value\":\"MAIN\"},\n\t\t},\n\t]\n}"
								},
								"url": {
									"raw": "https://localhost/MyStoreInstance/entity/Default/18.200.001/Shipment?$select=Type,ShipmentNbr,Status,Details/InventoryID&$expand=Details",
									"protocol": "https",
									"host": [
										"localhost"
									],
									"path": [
										"MyStoreInstance",
										"entity",
										"Default",
										"18.200.001",
										"Shipment"
									],
									"query": [
										{
											"key": "$select",
											"value": "Type,ShipmentNbr,Status,Details/InventoryID"
										},
										{
											"key": "$expand",
											"value": "Details"
										}
									]
								}
							},
							"status": "OK",
							"code": 200,
							"_postman_previewlanguage": "json",
							"header": [
								{
									"key": "Content-Type",
									"value": "application/json; charset=utf-8"
								},
								{
									"key": "Server",
									"value": "Microsoft-IIS/10.0"
								},
								{
									"key": "X-Handled-By",
									"value": "Acumatica-PX.Export/AuthenticationManagerModule"
								},
								{
									"key": "Set-Cookie",
									"value": "Locale=Culture=en-US&TimeZone=GMTM0500G; expires=Fri, 14-Dec-2018 14:30:11 GMT; path=/"
								},
								{
									"key": "Set-Cookie",
									"value": "UserBranch=73; path=/"
								},
								{
									"key": "Set-Cookie",
									"value": "LegacyUI=0; path=/"
								},
								{
									"key": "X-Powered-By",
									"value": "ASP.NET"
								},
								{
									"key": "Date",
									"value": "Tue, 11 Dec 2018 14:30:19 GMT"
								},
								{
									"key": "Content-Length",
									"value": "912"
								}
							],
							"cookie": [],
							"body": "{\n    \"id\": \"11d53c05-a725-454a-97a5-109fb9b1cfec\",\n    \"rowNumber\": 1,\n    \"note\": \"\",\n    \"CustomerID\": {\n        \"value\": \"C000000003\"\n    },\n    \"Details\": [\n        {\n            \"id\": \"3e8d3da3-a3e8-434f-8503-f509be12e1f5\",\n            \"rowNumber\": 1,\n            \"note\": \"\",\n            \"InventoryID\": {\n                \"value\": \"AALEGO500\"\n            },\n            \"OrderNbr\": {\n                \"value\": \"000004\"\n            },\n            \"OrderType\": {\n                \"value\": \"SO\"\n            },\n            \"WarehouseID\": {\n                \"value\": \"MAIN\"\n            },\n            \"custom\": {},\n            \"files\": []\n        },\n        {\n            \"id\": \"a5ace119-b50e-4dc2-9e74-5fc57102e71a\",\n            \"rowNumber\": 2,\n            \"note\": \"\",\n            \"InventoryID\": {\n                \"value\": \"CONGRILL\"\n            },\n            \"OrderNbr\": {\n                \"value\": \"000004\"\n            },\n            \"OrderType\": {\n                \"value\": \"SO\"\n            },\n            \"WarehouseID\": {\n                \"value\": \"MAIN\"\n            },\n            \"custom\": {},\n            \"files\": []\n        },\n        {\n            \"id\": \"5da3d518-99b2-4735-bc45-e796bebec3d3\",\n            \"rowNumber\": 3,\n            \"note\": \"\",\n            \"InventoryID\": {\n                \"value\": \"AAMACHINE1\"\n            },\n            \"OrderNbr\": {\n                \"value\": \"000006\"\n            },\n            \"OrderType\": {\n                \"value\": \"SO\"\n            },\n            \"WarehouseID\": {\n                \"value\": \"MAIN\"\n            },\n            \"custom\": {},\n            \"files\": []\n        }\n    ],\n    \"ShipmentNbr\": {\n        \"value\": \"000008\"\n    },\n    \"Status\": {\n        \"value\": \"On Hold\"\n    },\n    \"Type\": {\n        \"value\": \"Shipment\"\n    },\n    \"WarehouseID\": {\n        \"value\": \"MAIN\"\n    },\n    \"custom\": {},\n    \"files\": []\n}"
						}
					]
				},
				{
					"name": "Lesson 1.2: Creating a Stock Item with Attributes",
					"request": {
						"method": "PUT",
						"header": [
							{
								"key": "Accept",
								"type": "text",
								"value": "application/json"
							},
							{
								"key": "Content-Type",
								"type": "text",
								"value": "application/json"
							}
						],
						"body": {
							"mode": "raw",
							"raw": "{\n\t\"InventoryID\":{\"value\":\"BASESERV1\"},\n\t\"Description\":{\"value\":\"Baseline level of performance\"},\n\t\"ItemClass\":{\"value\":\"STOCKITEM\"},\n\t\"Attributes\":[\n\t\t{\n\t\t\t\"AttributeID\":{\"value\":\"Operation System\"},\n\t\t\t\"Value\":{\"value\":\"Windows\"}\n\t\t},\n\t\t{\n\t\t\t\"AttributeID\":{\"value\":\"Version of Software\"},\n\t\t\t\"Value\":{\"value\":\"Server 2012 R2\"}\n\t\t}\n\t]\n}"
						},
						"url": {
							"raw": "https://localhost/MyStoreInstance/entity/Default/18.200.001/StockItem?$select=InventoryID&$expand=Attributes",
							"protocol": "https",
							"host": [
								"localhost"
							],
							"path": [
								"MyStoreInstance",
								"entity",
								"Default",
								"18.200.001",
								"StockItem"
							],
							"query": [
								{
									"key": "$select",
									"value": "InventoryID"
								},
								{
									"key": "$expand",
									"value": "Attributes"
								}
							]
						}
					},
					"response": [
						{
							"name": "Example",
							"originalRequest": {
								"method": "PUT",
								"header": [
									{
										"key": "Accept",
										"type": "text",
										"value": "application/json"
									},
									{
										"key": "Content-Type",
										"type": "text",
										"value": "application/json"
									}
								],
								"body": {
									"mode": "raw",
									"raw": "{\n\t\"InventoryID\":{\"value\":\"BASESERV1\"},\n\t\"Description\":{\"value\":\"Baseline level of performance\"},\n\t\"ItemClass\":{\"value\":\"STOCKITEM\"},\n\t\"Attributes\":[\n\t\t{\n\t\t\t\"AttributeID\":{\"value\":\"Operation System\"},\n\t\t\t\"Value\":{\"value\":\"Windows\"}\n\t\t},\n\t\t{\n\t\t\t\"AttributeID\":{\"value\":\"Version of Software\"},\n\t\t\t\"Value\":{\"value\":\"Server 2012 R2\"}\n\t\t}\n\t]\n}"
								},
								"url": {
									"raw": "https://localhost/MyStoreInstance/entity/Default/18.200.001/StockItem?$select=InventoryID&$expand=Attributes",
									"protocol": "https",
									"host": [
										"localhost"
									],
									"path": [
										"MyStoreInstance",
										"entity",
										"Default",
										"18.200.001",
										"StockItem"
									],
									"query": [
										{
											"key": "$select",
											"value": "InventoryID"
										},
										{
											"key": "$expand",
											"value": "Attributes"
										}
									]
								}
							},
							"status": "OK",
							"code": 200,
							"_postman_previewlanguage": "json",
							"header": [
								{
									"key": "Content-Type",
									"value": "application/json; charset=utf-8"
								},
								{
									"key": "Server",
									"value": "Microsoft-IIS/10.0"
								},
								{
									"key": "X-Handled-By",
									"value": "Acumatica-PX.Export/AuthenticationManagerModule"
								},
								{
									"key": "Set-Cookie",
									"value": "Locale=Culture=en-US&TimeZone=GMTM0500G; expires=Sun, 16-Dec-2018 07:14:55 GMT; path=/"
								},
								{
									"key": "Set-Cookie",
									"value": "UserBranch=73; path=/"
								},
								{
									"key": "Set-Cookie",
									"value": "LegacyUI=0; path=/"
								},
								{
									"key": "X-Powered-By",
									"value": "ASP.NET"
								},
								{
									"key": "Date",
									"value": "Thu, 13 Dec 2018 07:15:00 GMT"
								},
								{
									"key": "Content-Length",
									"value": "631"
								}
							],
							"cookie": [],
							"body": "{\n    \"id\": \"50e6754f-b383-4745-88b8-8f7bc127f8d8\",\n    \"rowNumber\": 1,\n    \"note\": null,\n    \"Attributes\": [\n        {\n            \"id\": \"2322ad17-9335-4a15-80bf-ffc82e7cb718\",\n            \"rowNumber\": 1,\n            \"note\": null,\n            \"AttributeID\": {\n                \"value\": \"Operation System\"\n            },\n            \"Required\": {\n                \"value\": false\n            },\n            \"Value\": {\n                \"value\": \"Windows\"\n            },\n            \"custom\": {},\n            \"files\": []\n        },\n        {\n            \"id\": \"cc843a41-f935-496e-9538-fbe7f6c69cdf\",\n            \"rowNumber\": 2,\n            \"note\": null,\n            \"AttributeID\": {\n                \"value\": \"Version of Software\"\n            },\n            \"Required\": {\n                \"value\": false\n            },\n            \"Value\": {\n                \"value\": \"Server 2012 R2\"\n            },\n            \"custom\": {},\n            \"files\": []\n        }\n    ],\n    \"Description\": {\n        \"value\": \"Baseline level of performance\"\n    },\n    \"InventoryID\": {\n        \"value\": \"BASESERV1\"\n    },\n    \"ItemClass\": {\n        \"value\": \"STOCKITEM\"\n    },\n    \"custom\": {},\n    \"files\": []\n}"
						}
					]
				}
			]
		},
		{
			"name": "Part 2: Update of Records",
			"item": [
				{
					"name": "Lesson 2.1: Updating a Customer Account",
					"request": {
						"method": "PUT",
						"header": [
							{
								"key": "Accept",
								"type": "text",
								"value": "application/json"
							},
							{
								"key": "Content-Type",
								"type": "text",
								"value": "application/json"
							}
						],
						"body": {
							"mode": "raw",
							"raw": "{\r\n\t\"CustomerClass\":{\"value\":\"INTL\"},\r\n\t\"BillingContactSameAsMain\":{\"value\":false},\r\n\t\"BillingContact\":{\r\n\t\t\"Email\":{\"value\":\"green@jevy-comp.con\"},\r\n\t\t\"Attention\":{\"value\":\"Mr. Jack Green\"},\r\n\t\t\"JobTitle\":{\"value\":\"\"}\r\n\t}\r\n}\r\n"
						},
						"url": {
							"raw": "https://localhost/MyStoreInstance/entity/Default/18.200.001/Customer?$filter=MainContact/Email eq 'info@jevy-comp.con'&$expand=MainContact&$select=CustomerID,CustomerClass",
							"protocol": "https",
							"host": [
								"localhost"
							],
							"path": [
								"MyStoreInstance",
								"entity",
								"Default",
								"18.200.001",
								"Customer"
							],
							"query": [
								{
									"key": "$filter",
									"value": "MainContact/Email eq 'info@jevy-comp.con'"
								},
								{
									"key": "$expand",
									"value": "MainContact"
								},
								{
									"key": "$select",
									"value": "CustomerID,CustomerClass"
								}
							]
						}
					},
					"response": [
						{
							"name": "Example",
							"originalRequest": {
								"method": "PUT",
								"header": [
									{
										"key": "Accept",
										"type": "text",
										"value": "application/json"
									},
									{
										"key": "Content-Type",
										"type": "text",
										"value": "application/json"
									}
								],
								"body": {
									"mode": "raw",
									"raw": "{\r\n\t\"CustomerClass\":{\"value\":\"INTL\"},\r\n\t\"BillingContactSameAsMain\":{\"value\":false},\r\n\t\"BillingContact\":{\r\n\t\t\"Email\":{\"value\":\"green@jevy-comp.con\"},\r\n\t\t\"Attention\":{\"value\":\"Mr. Jack Green\"},\r\n\t\t\"JobTitle\":{\"value\":\"\"}\r\n\t}\r\n}\r\n"
								},
								"url": {
									"raw": "https://localhost/MyStoreInstance/entity/Default/18.200.001/Customer?$filter=MainContact/Email eq 'info@jevy-comp.con'&$expand=MainContact&$select=CustomerID,CustomerClass",
									"protocol": "https",
									"host": [
										"localhost"
									],
									"path": [
										"MyStoreInstance",
										"entity",
										"Default",
										"18.200.001",
										"Customer"
									],
									"query": [
										{
											"key": "$filter",
											"value": "MainContact/Email eq 'info@jevy-comp.con'"
										},
										{
											"key": "$expand",
											"value": "MainContact"
										},
										{
											"key": "$select",
											"value": "CustomerID,CustomerClass"
										}
									]
								}
							},
							"status": "OK",
							"code": 200,
							"_postman_previewlanguage": "json",
							"header": [
								{
									"key": "Content-Type",
									"value": "application/json; charset=utf-8"
								},
								{
									"key": "Server",
									"value": "Microsoft-IIS/10.0"
								},
								{
									"key": "X-Handled-By",
									"value": "Acumatica-PX.Export/AuthenticationManagerModule"
								},
								{
									"key": "Set-Cookie",
									"value": "Locale=Culture=en-US&TimeZone=GMTM0500G; expires=Mon, 17-Dec-2018 09:47:47 GMT; path=/"
								},
								{
									"key": "Set-Cookie",
									"value": "UserBranch=73; path=/"
								},
								{
									"key": "Set-Cookie",
									"value": "LegacyUI=0; path=/"
								},
								{
									"key": "X-Powered-By",
									"value": "ASP.NET"
								},
								{
									"key": "Date",
									"value": "Fri, 14 Dec 2018 09:48:00 GMT"
								},
								{
									"key": "Content-Length",
									"value": "1141"
								}
							],
							"cookie": [],
							"body": "{\n    \"id\": \"12f61a4c-2776-43a8-aca6-a676fe475572\",\n    \"rowNumber\": 1,\n    \"note\": \"\",\n    \"BillingContact\": {\n        \"id\": \"a20dbfe1-a3e3-4f3e-b787-7370a93619eb\",\n        \"rowNumber\": 1,\n        \"note\": null,\n        \"Activities\": [],\n        \"Address\": {\n            \"id\": \"5e3118c7-bb0e-4b90-9cb9-3b194967dc38\",\n            \"rowNumber\": 1,\n            \"note\": null,\n            \"AddressLine1\": {\n                \"value\": \"1000 Pennsylvania Ave\"\n            },\n            \"AddressLine2\": {},\n            \"City\": {\n                \"value\": \"San Francisco\"\n            },\n            \"Country\": {\n                \"value\": \"US\"\n            },\n            \"PostalCode\": {\n                \"value\": \"94107-3479\"\n            },\n            \"State\": {\n                \"value\": \"CA\"\n            },\n            \"custom\": {},\n            \"files\": []\n        },\n        \"Attention\": {\n            \"value\": \"Mr. Jack Green\"\n        },\n        \"Attributes\": [],\n        \"Campaigns\": [],\n        \"Cases\": [],\n        \"ContactID\": {\n            \"value\": 12417\n        },\n        \"DisplayName\": {\n            \"value\": \"Jevy Computers\"\n        },\n        \"Duplicates\": [],\n        \"Email\": {\n            \"value\": \"green@jevy-comp.con\"\n        },\n        \"Fax\": {},\n        \"FirstName\": {},\n        \"JobTitle\": {\n            \"value\": \"\"\n        },\n        \"LastName\": {},\n        \"MarketingLists\": [],\n        \"MiddleName\": {},\n        \"Notifications\": [],\n        \"Opportunities\": [],\n        \"Phone1\": {\n            \"value\": \"+1 (777) 380-0089\"\n        },\n        \"Phone1Type\": {\n            \"value\": \"Business 1\"\n        },\n        \"Phone2\": {},\n        \"Phone2Type\": {\n            \"value\": \"Business 2\"\n        },\n        \"Relations\": [],\n        \"Title\": {},\n        \"UserInfo\": null,\n        \"WebSite\": {},\n        \"custom\": {},\n        \"files\": []\n    },\n    \"BillingContactSameAsMain\": {\n        \"value\": false\n    },\n    \"CustomerClass\": {\n        \"value\": \"INTL\"\n    },\n    \"CustomerID\": {\n        \"value\": \"C000000003\"\n    },\n    \"custom\": {},\n    \"files\": []\n}"
						}
					]
				},
				{
					"name": "Lesson 2.2: Retrieving the Sales Order with Details",
					"request": {
						"method": "GET",
						"header": [
							{
								"key": "Accept",
								"type": "text",
								"value": "application/json"
							},
							{
								"key": "Content-Type",
								"type": "text",
								"value": "application/json"
							}
						],
						"body": {
							"mode": "raw",
							"raw": ""
						},
						"url": {
							"raw": "https://localhost/MyStoreInstance/entity/Default/18.200.001/SalesOrder?$expand=Details&$filter=OrderType eq 'SO' and CustomerOrder eq 'SO248-563-06'&$select=OrderNbr,OrderType,Details/InventoryID,Details/WarehouseID",
							"protocol": "https",
							"host": [
								"localhost"
							],
							"path": [
								"MyStoreInstance",
								"entity",
								"Default",
								"18.200.001",
								"SalesOrder"
							],
							"query": [
								{
									"key": "$expand",
									"value": "Details"
								},
								{
									"key": "$filter",
									"value": "OrderType eq 'SO' and CustomerOrder eq 'SO248-563-06'"
								},
								{
									"key": "$select",
									"value": "OrderNbr,OrderType,Details/InventoryID,Details/WarehouseID"
								}
							]
						}
					},
					"response": [
						{
							"name": "Example",
							"originalRequest": {
								"method": "GET",
								"header": [
									{
										"key": "Accept",
										"type": "text",
										"value": "application/json"
									},
									{
										"key": "Content-Type",
										"type": "text",
										"value": "application/json"
									}
								],
								"body": {
									"mode": "raw",
									"raw": ""
								},
								"url": {
									"raw": "https://localhost/MyStoreInstance/entity/Default/18.200.001/SalesOrder?$expand=Details&$filter=OrderType eq 'SO' and CustomerOrder eq 'SO248-563-06'&$select=OrderNbr,OrderType,Details/InventoryID,Details/WarehouseID",
									"protocol": "https",
									"host": [
										"localhost"
									],
									"path": [
										"MyStoreInstance",
										"entity",
										"Default",
										"18.200.001",
										"SalesOrder"
									],
									"query": [
										{
											"key": "$expand",
											"value": "Details"
										},
										{
											"key": "$filter",
											"value": "OrderType eq 'SO' and CustomerOrder eq 'SO248-563-06'"
										},
										{
											"key": "$select",
											"value": "OrderNbr,OrderType,Details/InventoryID,Details/WarehouseID"
										}
									]
								}
							},
							"status": "OK",
							"code": 200,
							"_postman_previewlanguage": "json",
							"header": [
								{
									"key": "Content-Type",
									"value": "application/json; charset=utf-8"
								},
								{
									"key": "Server",
									"value": "Microsoft-IIS/10.0"
								},
								{
									"key": "X-Handled-By",
									"value": "Acumatica-PX.Export/AuthenticationManagerModule"
								},
								{
									"key": "Set-Cookie",
									"value": "Locale=Culture=en-US&TimeZone=GMTM0500G; expires=Sun, 16-Dec-2018 12:58:25 GMT; path=/"
								},
								{
									"key": "Set-Cookie",
									"value": "UserBranch=73; path=/"
								},
								{
									"key": "Set-Cookie",
									"value": "LegacyUI=0; path=/"
								},
								{
									"key": "X-Powered-By",
									"value": "ASP.NET"
								},
								{
									"key": "Date",
									"value": "Thu, 13 Dec 2018 12:58:26 GMT"
								},
								{
									"key": "Content-Length",
									"value": "683"
								}
							],
							"cookie": [],
							"body": "[\n    {\n        \"id\": \"c52bd7ac-c715-4ce3-8565-50463570b7d9\",\n        \"rowNumber\": 1,\n        \"note\": \"\",\n        \"CustomerOrder\": {\n            \"value\": \"SO248-563-06\"\n        },\n        \"Details\": [\n            {\n                \"id\": \"988988a5-3bc0-4645-a884-8a9ba6a400b4\",\n                \"rowNumber\": 1,\n                \"note\": \"\",\n                \"InventoryID\": {\n                    \"value\": \"AALEGO500\"\n                },\n                \"WarehouseID\": {\n                    \"value\": \"MAIN\"\n                },\n                \"custom\": {},\n                \"files\": []\n            },\n            {\n                \"id\": \"983f9831-b139-489c-8ad0-86d50f6e535d\",\n                \"rowNumber\": 2,\n                \"note\": \"\",\n                \"InventoryID\": {\n                    \"value\": \"CONTABLE1\"\n                },\n                \"WarehouseID\": {\n                    \"value\": \"MAIN\"\n                },\n                \"custom\": {},\n                \"files\": []\n            },\n            {\n                \"id\": \"19193380-63b2-445c-a50b-fd6d57f176a0\",\n                \"rowNumber\": 3,\n                \"note\": \"\",\n                \"InventoryID\": {\n                    \"value\": \"CONGRILL\"\n                },\n                \"WarehouseID\": {\n                    \"value\": \"MAIN\"\n                },\n                \"custom\": {},\n                \"files\": []\n            }\n        ],\n        \"OrderNbr\": {\n            \"value\": \"000003\"\n        },\n        \"OrderType\": {\n            \"value\": \"SO\"\n        },\n        \"custom\": {},\n        \"files\": []\n    }\n]"
						}
					]
				},
				{
					"name": "Lesson 2.2: Updating Detail Lines",
					"request": {
						"method": "PUT",
						"header": [
							{
								"key": "Accept",
								"value": "application/json",
								"type": "text"
							},
							{
								"key": "Content-Type",
								"value": "application/json",
								"type": "text"
							}
						],
						"body": {
							"mode": "raw",
							"raw": "{\n\t\"OrderType\":{\"value\":\"SO\"},\n\t\"OrderNbr\":{\"value\":\"000003\"},\n\t\"Hold\":{\"value\":false},\n\t\"Details\":[\n\t\t{\n\t\t\t\"id\":\"19193380-63b2-445c-a50b-fd6d57f176a0\",\n\t\t\t\"delete\":true\n\t\t},\n\t\t{\n\t\t\t\"id\":\"988988a5-3bc0-4645-a884-8a9ba6a400b4\",\n\t\t\t\"OrderQty\":{\"value\":5.0}\n\t\t}\n\t]\n}"
						},
						"url": {
							"raw": "https://localhost/MyStoreInstance/entity/Default/18.200.001/SalesOrder?$select=OrderType,OrderNbr,OrderedQty,OrderTotal,Details/OrderQty,Details/InventoryID&$expand=Details",
							"protocol": "https",
							"host": [
								"localhost"
							],
							"path": [
								"MyStoreInstance",
								"entity",
								"Default",
								"18.200.001",
								"SalesOrder"
							],
							"query": [
								{
									"key": "$select",
									"value": "OrderType,OrderNbr,OrderedQty,OrderTotal,Details/OrderQty,Details/InventoryID"
								},
								{
									"key": "$expand",
									"value": "Details"
								}
							]
						}
					},
					"response": [
						{
							"name": "Example",
							"originalRequest": {
								"method": "PUT",
								"header": [
									{
										"key": "Accept",
										"value": "application/json",
										"type": "text"
									},
									{
										"key": "Content-Type",
										"value": "application/json",
										"type": "text"
									}
								],
								"body": {
									"mode": "raw",
									"raw": "{\n\t\"OrderType\":{\"value\":\"SO\"},\n\t\"OrderNbr\":{\"value\":\"000003\"},\n\t\"Hold\":{\"value\":false},\n\t\"Details\":[\n\t\t{\n\t\t\t\"id\":\"19193380-63b2-445c-a50b-fd6d57f176a0\",\n\t\t\t\"delete\":true\n\t\t},\n\t\t{\n\t\t\t\"id\":\"988988a5-3bc0-4645-a884-8a9ba6a400b4\",\n\t\t\t\"OrderQty\":{\"value\":5.0}\n\t\t}\n\t]\n}"
								},
								"url": {
									"raw": "https://localhost/MyStoreInstance/entity/Default/18.200.001/SalesOrder?$select=OrderType,OrderNbr,OrderedQty,OrderTotal,Details/OrderQty,Details/InventoryID&$expand=Details",
									"protocol": "https",
									"host": [
										"localhost"
									],
									"path": [
										"MyStoreInstance",
										"entity",
										"Default",
										"18.200.001",
										"SalesOrder"
									],
									"query": [
										{
											"key": "$select",
											"value": "OrderType,OrderNbr,OrderedQty,OrderTotal,Details/OrderQty,Details/InventoryID"
										},
										{
											"key": "$expand",
											"value": "Details"
										}
									]
								}
							},
							"status": "OK",
							"code": 200,
							"_postman_previewlanguage": "json",
							"header": [
								{
									"key": "Content-Type",
									"value": "application/json; charset=utf-8"
								},
								{
									"key": "Server",
									"value": "Microsoft-IIS/10.0"
								},
								{
									"key": "X-Handled-By",
									"value": "Acumatica-PX.Export/AuthenticationManagerModule"
								},
								{
									"key": "Set-Cookie",
									"value": "Locale=Culture=en-US&TimeZone=GMTM0500G; expires=Sun, 16-Dec-2018 13:00:05 GMT; path=/"
								},
								{
									"key": "Set-Cookie",
									"value": "UserBranch=73; path=/"
								},
								{
									"key": "Set-Cookie",
									"value": "LegacyUI=0; path=/"
								},
								{
									"key": "X-Powered-By",
									"value": "ASP.NET"
								},
								{
									"key": "Date",
									"value": "Thu, 13 Dec 2018 13:00:05 GMT"
								},
								{
									"key": "Content-Length",
									"value": "557"
								}
							],
							"cookie": [],
							"body": "{\n    \"id\": \"28fd1be7-7b78-45d1-a7ba-7ae3ea6b8a0a\",\n    \"rowNumber\": 1,\n    \"note\": \"\",\n    \"Details\": [\n        {\n            \"id\": \"23c24e55-e92e-47e4-aec2-9213da02f823\",\n            \"rowNumber\": 1,\n            \"note\": null,\n            \"InventoryID\": {\n                \"value\": \"AALEGO500\"\n            },\n            \"OrderQty\": {\n                \"value\": 5\n            },\n            \"custom\": {},\n            \"files\": []\n        },\n        {\n            \"id\": \"f86410ce-9807-4fce-90a8-7af8872572fc\",\n            \"rowNumber\": 2,\n            \"note\": \"\",\n            \"InventoryID\": {\n                \"value\": \"CONTABLE1\"\n            },\n            \"OrderQty\": {\n                \"value\": 2\n            },\n            \"custom\": {},\n            \"files\": []\n        }\n    ],\n    \"Hold\": {\n        \"value\": false\n    },\n    \"OrderedQty\": {\n        \"value\": 7\n    },\n    \"OrderNbr\": {\n        \"value\": \"000003\"\n    },\n    \"OrderTotal\": {\n        \"value\": 295\n    },\n    \"OrderType\": {\n        \"value\": \"SO\"\n    },\n    \"custom\": {},\n    \"files\": []\n}"
						}
					]
				}
			]
		},
		{
			"name": "Part 3: Execution of Actions",
			"item": [
				{
					"name": "Lesson 3.1: Invoking Release of an Invoice",
					"request": {
						"method": "POST",
						"header": [
							{
								"key": "Accept",
								"type": "text",
								"value": "application/json"
							},
							{
								"key": "Content-Type",
								"type": "text",
								"value": "application/json"
							}
						],
						"body": {
							"mode": "raw",
							"raw": "{\r\n\t\"entity\":{\r\n\t\t\"Type\":{\"value\":\"Invoice\"},\r\n\t\t\"ReferenceNbr\":{\"value\":\"INV000046\"},\r\n\t\t\"Hold\":{\"value\":false}\r\n    }\r\n}"
						},
						"url": {
							"raw": "https://localhost/MyStoreInstance/entity/Default/18.200.001/SalesInvoice/ReleaseSalesInvoice",
							"protocol": "https",
							"host": [
								"localhost"
							],
							"path": [
								"MyStoreInstance",
								"entity",
								"Default",
								"18.200.001",
								"SalesInvoice",
								"ReleaseSalesInvoice"
							]
						}
					},
					"response": [
						{
							"name": "Example",
							"originalRequest": {
								"method": "POST",
								"header": [
									{
										"key": "Accept",
										"type": "text",
										"value": "application/json"
									},
									{
										"key": "Content-Type",
										"type": "text",
										"value": "application/json"
									}
								],
								"body": {
									"mode": "raw",
									"raw": "{\r\n\t\"entity\":{\r\n\t\t\"Type\":{\"value\":\"Invoice\"},\r\n\t\t\"ReferenceNbr\":{\"value\":\"INV000046\"},\r\n\t\t\"Hold\":{\"value\":false}\r\n    }\r\n}"
								},
								"url": {
									"raw": "https://localhost/MyStoreInstance/entity/Default/18.200.001/SalesInvoice/ReleaseSalesInvoice",
									"protocol": "https",
									"host": [
										"localhost"
									],
									"path": [
										"MyStoreInstance",
										"entity",
										"Default",
										"18.200.001",
										"SalesInvoice",
										"ReleaseSalesInvoice"
									]
								}
							},
							"status": "Accepted",
							"code": 202,
							"_postman_previewlanguage": "plain",
							"header": [
								{
									"key": "Location",
									"value": "/MyStoreInstance/entity/Default/18.200.001/SalesInvoice/ReleaseSalesInvoice/status/f901931d-8b3b-420d-8fb2-2e0293cdd38b"
								},
								{
									"key": "Server",
									"value": "Microsoft-IIS/10.0"
								},
								{
									"key": "X-Handled-By",
									"value": "Acumatica-PX.Export/AuthenticationManagerModule"
								},
								{
									"key": "Set-Cookie",
									"value": "Locale=Culture=en-US&TimeZone=GMTM0500G; expires=Sat, 22-Dec-2018 12:57:48 GMT; path=/"
								},
								{
									"key": "Set-Cookie",
									"value": "UserBranch=82; path=/"
								},
								{
									"key": "Set-Cookie",
									"value": "LegacyUI=0; path=/"
								},
								{
									"key": "X-Powered-By",
									"value": "ASP.NET"
								},
								{
									"key": "Date",
									"value": "Wed, 19 Dec 2018 12:57:53 GMT"
								},
								{
									"key": "Content-Length",
									"value": "0"
								}
							],
							"cookie": [],
							"body": null
						}
					]
				},
				{
					"name": "Lesson 3.1: Retrieving the Status of the Release Operation",
					"request": {
						"method": "GET",
						"header": [
							{
								"key": "Accept",
								"type": "text",
								"value": "application/json"
							},
							{
								"key": "Content-Type",
								"type": "text",
								"value": "application/json"
							}
						],
						"body": {
							"mode": "raw",
							"raw": ""
						},
						"url": {
							"raw": "https://localhost/MyStoreInstance/entity/Default/18.200.001/SalesInvoice/ReleaseSalesInvoice/status/f901931d-8b3b-420d-8fb2-2e0293cdd38b",
							"protocol": "https",
							"host": [
								"localhost"
							],
							"path": [
								"MyStoreInstance",
								"entity",
								"Default",
								"18.200.001",
								"SalesInvoice",
								"ReleaseSalesInvoice",
								"status",
								"f901931d-8b3b-420d-8fb2-2e0293cdd38b"
							]
						}
					},
					"response": []
				},
				{
					"name": "Lesson 3.1: Retrieving the Released Invoice",
					"request": {
						"method": "GET",
						"header": [
							{
								"key": "Accept",
								"value": "application/json",
								"type": "text"
							},
							{
								"key": "Content-Type",
								"value": "application/json",
								"type": "text"
							}
						],
						"body": {
							"mode": "raw",
							"raw": ""
						},
						"url": {
							"raw": "https://localhost/MyStoreInstance/entity/Default/18.200.001/SalesInvoice/Invoice/INV000046?$select=ReferenceNbr,Type,Status",
							"protocol": "https",
							"host": [
								"localhost"
							],
							"path": [
								"MyStoreInstance",
								"entity",
								"Default",
								"18.200.001",
								"SalesInvoice",
								"Invoice",
								"INV000046"
							],
							"query": [
								{
									"key": "$select",
									"value": "ReferenceNbr,Type,Status"
								}
							]
						}
					},
					"response": [
						{
							"name": "Example",
							"originalRequest": {
								"method": "GET",
								"header": [
									{
										"key": "Accept",
										"value": "application/json",
										"type": "text"
									},
									{
										"key": "Content-Type",
										"value": "application/json",
										"type": "text"
									}
								],
								"body": {
									"mode": "raw",
									"raw": ""
								},
								"url": {
									"raw": "https://localhost/MyStoreInstance/entity/Default/18.200.001/SalesInvoice/Invoice/INV000046?$select=ReferenceNbr,Type,Status",
									"protocol": "https",
									"host": [
										"localhost"
									],
									"path": [
										"MyStoreInstance",
										"entity",
										"Default",
										"18.200.001",
										"SalesInvoice",
										"Invoice",
										"INV000046"
									],
									"query": [
										{
											"key": "$select",
											"value": "ReferenceNbr,Type,Status"
										}
									]
								}
							},
							"status": "OK",
							"code": 200,
							"_postman_previewlanguage": "json",
							"header": [
								{
									"key": "Content-Type",
									"value": "application/json; charset=utf-8"
								},
								{
									"key": "Server",
									"value": "Microsoft-IIS/10.0"
								},
								{
									"key": "X-Handled-By",
									"value": "Acumatica-PX.Export/AuthenticationManagerModule"
								},
								{
									"key": "Set-Cookie",
									"value": "Locale=Culture=en-US&TimeZone=GMTM0500G; expires=Sat, 22-Dec-2018 12:59:04 GMT; path=/"
								},
								{
									"key": "Set-Cookie",
									"value": "UserBranch=82; path=/"
								},
								{
									"key": "Set-Cookie",
									"value": "LegacyUI=0; path=/"
								},
								{
									"key": "X-Powered-By",
									"value": "ASP.NET"
								},
								{
									"key": "Date",
									"value": "Wed, 19 Dec 2018 12:59:05 GMT"
								},
								{
									"key": "Content-Length",
									"value": "182"
								}
							],
							"cookie": [],
							"body": "{\n    \"id\": \"e22bc7f2-16a6-4025-98c3-d8cb2eaac18a\",\n    \"rowNumber\": 1,\n    \"note\": \"\",\n    \"ReferenceNbr\": {\n        \"value\": \"INV000046\"\n    },\n    \"Status\": {\n        \"value\": \"Open\"\n    },\n    \"Type\": {\n        \"value\": \"Invoice\"\n    },\n    \"custom\": {},\n    \"files\": []\n}"
						}
					]
				}
			]
		},
		{
			"name": "Part 4: Processing of Payments by Credit Cards",
			"item": [
				{
					"name": "Lesson 4.1: Registering a Customer Credit Card",
					"request": {
						"method": "PUT",
						"header": [
							{
								"key": "Accept",
								"type": "text",
								"value": "application/json"
							},
							{
								"key": "Content-Type",
								"type": "text",
								"value": "application/json"
							}
						],
						"body": {
							"mode": "raw",
							"raw": "{\n\t\"PaymentMethod\":{\"value\":\"VISA\"},\n\t\"CustomerID\":{\"value\":\"C000000003\"},\n\t\"CustomerProfileID\":{\"value\":\"37100472\"},\n\t\"CashAccount\":{\"value\":\"102050MYST\"},\n\t\"Details\":[\n\t\t{\n\t\t\t\"Name\":{\"value\":\"Payment Profile ID\"},\n\t\t\t\"Value\":{\"value\":\"35596199\"}\n\t\t}\n\t]\n}"
						},
						"url": {
							"raw": "https://localhost/MyStoreInstance/entity/Default/18.200.001/CustomerPaymentMethod?$select=CardAccountNbr",
							"protocol": "https",
							"host": [
								"localhost"
							],
							"path": [
								"MyStoreInstance",
								"entity",
								"Default",
								"18.200.001",
								"CustomerPaymentMethod"
							],
							"query": [
								{
									"key": "$select",
									"value": "CardAccountNbr"
								}
							]
						}
					},
					"response": [
						{
							"name": "Example",
							"originalRequest": {
								"method": "PUT",
								"header": [
									{
										"key": "Accept",
										"type": "text",
										"value": "application/json"
									},
									{
										"key": "Content-Type",
										"type": "text",
										"value": "application/json"
									}
								],
								"body": {
									"mode": "raw",
									"raw": "{\n\t\"PaymentMethod\":{\"value\":\"VISA\"},\n\t\"CustomerID\":{\"value\":\"C000000003\"},\n\t\"CustomerProfileID\":{\"value\":\"37100472\"},\n\t\"CashAccount\":{\"value\":\"102050MYST\"},\n\t\"Details\":[\n\t\t{\n\t\t\t\"Name\":{\"value\":\"Payment Profile ID\"},\n\t\t\t\"Value\":{\"value\":\"35596199\"}\n\t\t}\n\t]\n}"
								},
								"url": {
									"raw": "https://localhost/MyStoreInstance/entity/Default/18.200.001/CustomerPaymentMethod?$select=CardAccountNbr",
									"protocol": "https",
									"host": [
										"localhost"
									],
									"path": [
										"MyStoreInstance",
										"entity",
										"Default",
										"18.200.001",
										"CustomerPaymentMethod"
									],
									"query": [
										{
											"key": "$select",
											"value": "CardAccountNbr"
										}
									]
								}
							},
							"status": "OK",
							"code": 200,
							"_postman_previewlanguage": "json",
							"header": [
								{
									"key": "Content-Type",
									"value": "application/json; charset=utf-8"
								},
								{
									"key": "Server",
									"value": "Microsoft-IIS/10.0"
								},
								{
									"key": "X-Handled-By",
									"value": "Acumatica-PX.Export/AuthenticationManagerModule"
								},
								{
									"key": "Set-Cookie",
									"value": "Locale=Culture=en-US&TimeZone=GMTM0500G; expires=Thu, 20-Dec-2018 13:00:14 GMT; path=/"
								},
								{
									"key": "Set-Cookie",
									"value": "UserBranch=82; path=/"
								},
								{
									"key": "Set-Cookie",
									"value": "LegacyUI=0; path=/"
								},
								{
									"key": "X-Powered-By",
									"value": "ASP.NET"
								},
								{
									"key": "Date",
									"value": "Mon, 17 Dec 2018 13:00:16 GMT"
								},
								{
									"key": "Content-Length",
									"value": "456"
								}
							],
							"cookie": [],
							"body": "{\n    \"id\": \"8dfdc822-8323-4e3c-b349-30285a75b6ec\",\n    \"rowNumber\": 1,\n    \"note\": null,\n    \"CardAccountNbr\": {\n        \"value\": \"VISA:****-****-****-0027\"\n    },\n    \"CashAccount\": {\n        \"value\": \"102050MYST\"\n    },\n    \"CustomerID\": {\n        \"value\": \"C000000003\"\n    },\n    \"CustomerProfileID\": {\n        \"value\": \"37100472\"\n    },\n    \"Details\": [\n        {\n            \"id\": \"b752b864-e923-4195-b3a7-e546e78ceca5\",\n            \"rowNumber\": 1,\n            \"note\": null,\n            \"Name\": {\n                \"value\": \"CCPID\"\n            },\n            \"Value\": {\n                \"value\": \"35596199\"\n            },\n            \"custom\": {},\n            \"files\": []\n        }\n    ],\n    \"PaymentMethod\": {\n        \"value\": \"VISA\"\n    },\n    \"custom\": {},\n    \"files\": []\n}"
						}
					]
				}
			]
		},
		{
			"name": "Part 5: Attachment of Files and Notes",
			"item": [
				{
					"name": "Lesson 5.1: Adding a Note to a Stock Item",
					"event": [
						{
							"listen": "test",
							"script": {
								"id": "0398dc7d-d13e-4272-9a27-be8874f39e3c",
								"exec": [
									""
								],
								"type": "text/javascript"
							}
						}
					],
					"request": {
						"method": "PUT",
						"header": [
							{
								"key": "Accept",
								"value": "application/json",
								"type": "text"
							},
							{
								"key": "Content-Type",
								"value": "application/json",
								"type": "text"
							}
						],
						"body": {
							"mode": "raw",
							"raw": "{\n\t\"InventoryID\":{\"value\":\"AALEGO500\"},\n\t\"note\": \"My note\"\n}"
						},
						"url": {
							"raw": "https://localhost/MyStoreInstance/entity/Default/18.200.001/StockItem?$select=InventoryID",
							"protocol": "https",
							"host": [
								"localhost"
							],
							"path": [
								"MyStoreInstance",
								"entity",
								"Default",
								"18.200.001",
								"StockItem"
							],
							"query": [
								{
									"key": "$select",
									"value": "InventoryID"
								}
							]
						}
					},
					"response": [
						{
							"name": "Example",
							"originalRequest": {
								"method": "PUT",
								"header": [
									{
										"key": "Accept",
										"value": "application/json",
										"type": "text"
									},
									{
										"key": "Content-Type",
										"value": "application/json",
										"type": "text"
									}
								],
								"body": {
									"mode": "raw",
									"raw": "{\n\t\"InventoryID\":{\"value\":\"AALEGO500\"},\n\t\"note\": \"My note\"\n}"
								},
								"url": {
									"raw": "https://localhost/MyStoreInstance/entity/Default/18.200.001/StockItem?$select=InventoryID",
									"protocol": "https",
									"host": [
										"localhost"
									],
									"path": [
										"MyStoreInstance",
										"entity",
										"Default",
										"18.200.001",
										"StockItem"
									],
									"query": [
										{
											"key": "$select",
											"value": "InventoryID"
										}
									]
								}
							},
							"status": "OK",
							"code": 200,
							"_postman_previewlanguage": "json",
							"header": [
								{
									"key": "Content-Type",
									"value": "application/json; charset=utf-8"
								},
								{
									"key": "Server",
									"value": "Microsoft-IIS/10.0"
								},
								{
									"key": "X-Handled-By",
									"value": "Acumatica-PX.Export/AuthenticationManagerModule"
								},
								{
									"key": "Set-Cookie",
									"value": "Locale=Culture=en-US&TimeZone=GMTM0500G; expires=Mon, 15-Oct-2018 09:47:52 GMT; path=/"
								},
								{
									"key": "Set-Cookie",
									"value": "UserBranch=82; path=/"
								},
								{
									"key": "Set-Cookie",
									"value": "LegacyUI=0; path=/"
								},
								{
									"key": "X-Powered-By",
									"value": "ASP.NET"
								},
								{
									"key": "Date",
									"value": "Fri, 12 Oct 2018 09:47:53 GMT"
								},
								{
									"key": "Content-Length",
									"value": "135"
								}
							],
							"cookie": [],
							"body": "{\n    \"id\": \"2d1cac03-bfb4-4934-8203-172a4d948400\",\n    \"rowNumber\": 1,\n    \"note\": \"My note\",\n    \"InventoryID\": {\n        \"value\": \"AALEGO500\"\n    },\n    \"custom\": {},\n    \"files\": []\n}"
						}
					]
				},
				{
					"name": "Lesson 5.2: Attaching a File to a Stock Item",
					"event": [
						{
							"listen": "test",
							"script": {
								"id": "0398dc7d-d13e-4272-9a27-be8874f39e3c",
								"exec": [
									""
								],
								"type": "text/javascript"
							}
						}
					],
					"request": {
						"method": "PUT",
						"header": [
							{
								"key": "Accept",
								"value": "application/json",
								"type": "text"
							},
							{
								"key": "Content-Type",
								"value": "application/json",
								"type": "text"
							}
						],
						"body": {
							"mode": "file",
							"file": {}
						},
						"url": {
							"raw": "https://localhost/MyStoreInstance/entity/Default/18.200.001/StockItem/AALEGO500/files/T2MCRO.jpg",
							"protocol": "https",
							"host": [
								"localhost"
							],
							"path": [
								"MyStoreInstance",
								"entity",
								"Default",
								"18.200.001",
								"StockItem",
								"AALEGO500",
								"files",
								"T2MCRO.jpg"
							]
						}
					},
					"response": []
				}
			]
		}
	],
	"auth": {
		"type": "oauth2",
		"oauth2": [
			{
				"key": "accessToken",
				"value": "c7017b7370a30a375877f99551396733",
				"type": "string"
			},
			{
				"key": "tokenType",
				"value": "Bearer",
				"type": "string"
			},
			{
				"key": "addTokenTo",
				"value": "header",
				"type": "string"
			}
		]
	},
	"event": [
		{
			"listen": "prerequest",
			"script": {
				"id": "39a33502-fd84-4feb-8381-53472ea757b4",
				"type": "text/javascript",
				"exec": [
					""
				]
			}
		},
		{
			"listen": "test",
			"script": {
				"id": "9886f786-7252-493a-b831-4c023da2ea14",
				"type": "text/javascript",
				"exec": [
					""
				]
			}
		}
	]
}